,index,Name of the show,Year of release,Language,Genre,IMDb rating,Age of viewers,Type,OTT
0,0,Pataal Lok,2020,Hindi,Drama,7.5,NC-17,Series,Amazon Prime Video
1,1,Upload,2020,English,Sci-fi comedy,8.1,R,Series,Amazon Prime Video
2,2,The Marvelous Mrs. Maisel,2017,English,"Drama, Comedy",8.7,R,Series,Amazon Prime Video
3,3,Four More Shots Please,2019,Hindi,"Drama, Comedy",5.3,NC-17,Series,Amazon Prime Video
4,4,Fleabag,2016,English,Comedy,8.7,NC-17,Series,Amazon Prime Video
5,5,Made in Heaven,2019,Hindi,Drama,8.3,NC-17,Series,Amazon Prime Video
6,6,Homecoming,2018,English,Drama,7.5,R,Series,Amazon Prime Video
7,7,Mirzapur,2018,Hindi,Drama,8.5,NC-17,Series,Amazon Prime Video
8,8,The Family Man,2019,Hindi,"Drama, Action",8.6,NC-17,Series,Amazon Prime Video
9,9,Modern Love,2019,English,"Drama, Romance, Comedy",8.0,R,Series,Amazon Prime Video
10,10,Comicstaan,2018,Hindi,"Arts, Entertainment, Culture",7.5,NC-17,Series,Amazon Prime Video
11,11,Inside Edge,2017,Hindi,"Sports, Drama",8.0,NC-17,Series,Amazon Prime Video
12,12,The Boys,2019,English,"Action, Comedy",8.7,NC-17,Series,Amazon Prime Video
13,13,Hanna,2019,English,"Drama, Action",7.5,R,Series,Amazon Prime Video
14,14,Hunters,2020,English,"Drama, Action, Suspense",7.2,NC-17,Series,Amazon Prime Video
15,15,Good Omens,2019,English,"Fantasy, Comedy",7.5,R,Series,Amazon Prime Video
16,16,Breathe,2018,Hindi,"Drama, Suspense",8.4,R,Series,Amazon Prime Video
17,17,The Forgotten Army- Azaadi ke Liye,2020,Hindi,"Drama, Action",8.0,NC-17,Series,Amazon Prime Video
18,18,Tom Clancy's Jack Ryan,2018,English,"Drama, Action, Suspense",8.1,R,Series,Amazon Prime Video
19,19,Tales from the Loop,2020,English,Sci-fi ,7.5,NC-17,Series,Amazon Prime Video
20,20,The Test: A New Era for Australia's Team,2020,English,Documentary,9.0,R,Series,Amazon Prime Video
21,21,The Man in the High Castle,2015,English,"Drama, Suspense",8.0,NC-17,Series,Amazon Prime Video
22,22,One Mic Stand,2019,Hindi,Comedy,6.5,R,Series,Amazon Prime Video
23,23,Undone,2019,English,"Animation, Drama",8.2,R,Series,Amazon Prime Video
24,24,American Gods,2017,English,"Sci-fi, Drama, Suspense",7.8,NC-17,Series,Amazon Prime Video
25,25,The Tick,2018,English,"Comedy, Action",7.4,R,Series,Amazon Prime Video
26,26,Jestination Unknown,2019,Hindi,"Comedy, Arts, Entertainment, Culture",6.2,R,Series,Amazon Prime Video
27,27,Man with a Plan,2018,English,Drama,7.5,G,Series,Amazon Prime Video
28,28,Suits,2011,English,Drama,8.5,R,Series,Amazon Prime Video
29,29,Doctor Who,2005,English,Sci-fi,7.5,G,Series,Amazon Prime Video
30,30,Grey's Anatomy,2005,English,Drama,7.6,R,Series,Amazon Prime Video
31,31,The Mentalist,2009,English,Drama,8.1,R,Series,Amazon Prime Video
32,32,Afsos,2020,Hindi,"Drama, Comedy",7.5,R,Series,Amazon Prime Video
33,33,Laakhon Mein Ek,2017,Hindi,Drama,7.5,R,Series,Amazon Prime Video
34,34,House,2005,English,Drama,7.5,R,Series,Amazon Prime Video
35,35,The Good Doctor,2018,English,Drama,7.5,R,Series,Amazon Prime Video
36,36,The Vampire Diaries,2010,English,"Drama, Horror, Romance, Suspense",7.7,R,Series,Amazon Prime Video
37,37,Hostel Daze,2019,Hindi,"Drama, Comedy",8.7,R,Series,Amazon Prime Video
38,38,Mr. Robot,2015,English,"Drama, Suspense",8.5,NC-17,Series,Amazon Prime Video
39,39,Supernatural,2006,English,"Drama, Suspense, Horror",8.4,R,Series,Amazon Prime Video
40,40,Dexter,2006,English,Drama,8.6,NC-17,Series,Amazon Prime Video
41,41,The Magicians,2016,English,"Drama, Suspense, Fantasy",7.5,R,Series,Amazon Prime Video
42,42,Blindspot,2016,English,Drama,7.4,R,Series,Amazon Prime Video
43,43,The Good Wife,2010,English,Drama,8.3,R,Series,Amazon Prime Video
44,44,The Girlfriend Experience,2016,English,Drama,7.1,NC-17,Series,Amazon Prime Video
45,45,Chacha Vidhayak Hain Humare,2018,Hindi,"Drama, Comedy",7.5,R,Series,Amazon Prime Video
46,46,Scorpion,2015,English,Drama,7.5,PG-13,Series,Amazon Prime Video
47,47,Shameless,2011,English,"Comedy, Drama",8.6,NC-17,Series,Amazon Prime Video
48,48,Reign,2014,English,Drama,7.5,R,Series,Amazon Prime Video
49,49,Downtown Abbey,2010,English,Drama,8.7,PG,Series,Amazon Prime Video
50,50,McMafia,2018,English,Drama,7.5,PG-13,Series,Amazon Prime Video
51,51,This is Us,2017,English,Drama,8.7,R,Series,Amazon Prime Video
52,52,Malgudi Days Swami & Friends 1,1987,Hindi,Drama,7.5,PG,Series,Amazon Prime Video
53,53,Nikita,2011,English,"Drama, Action",7.5,NC-17,Series,Amazon Prime Video
54,54,Carnival Row,2019,English,"Drama, Fantasy",7.9,R,Series,Amazon Prime Video
55,55,Legacies,2019,English,Drama,7.5,R,Series,Amazon Prime Video
56,56,Bates Motel,2013,English,"Drama, Horror, Suspense",7.5,R,Series,Amazon Prime Video
57,57,The Exorcist,2016,English,Drama,8.1,R,Series,Amazon Prime Video
58,58,The Night Manager,2016,English,"Drama, Suspense",8.1,NC-17,Series,Amazon Prime Video
59,59,The Originals,2014,English,"Drama, Horror, Fantasy",8.2,R,Series,Amazon Prime Video
60,60,The Purge,2018,English,"Drama, Horror, Suspense",7.5,NC-17,Series,Amazon Prime Video
61,61,Deception,2018,English,Drama,7.5,PG-13,Series,Amazon Prime Video
62,62,The Last Ship,2014,English,"Drama, Suspense, Action",7.5,R,Series,Amazon Prime Video
63,63,Treadstone,2019,English,Drama,7.0,R,Series,Amazon Prime Video
64,64,The Terror,2018,English,"Drama, Suspense, Adventure",7.5,R,Series,Amazon Prime Video
65,65,Manifest,2019,English,Drama,7.5,R,Series,Amazon Prime Video
66,66,Pushpavalli,2017,Hindi,"Drama, Comedy",7.5,R,Series,Amazon Prime Video
67,67,Fringe,2009,English,Sci-fi,8.4,R,Series,Amazon Prime Video
68,68,Person of Interest,2012,English,"Drama, Action, Suspense",8.4,R,Series,Amazon Prime Video
69,69,The Affair,2014,English,Drama,7.5,NC-17,Series,Amazon Prime Video
70,70,The American Playboy: The Hugh Hefner Story,2017,English,"Drama, Documentary",7.5,NC-17,Series,Amazon Prime Video
71,71,The Widow,2019,English,"Drama, Suspense",6.9,R,Series,Amazon Prime Video
72,72,God Friended Me,2019,English,"Drama, Comedy",7.5,G,Series,Amazon Prime Video
73,73,Star Trek: Picard,2020,English,Sci-fi,7.6,NC-17,Series,Amazon Prime Video
74,74,Fear the Walking Dead,2015,English,"Drama, Horror",6.9,R,Series,Amazon Prime Video
75,75,Taken,2017,English,"Drama, Action",7.5,R,Series,Amazon Prime Video
76,76,Bosch,2015,English,Drama,8.4,NC-17,Series,Amazon Prime Video
77,77,Elementary,2013,English,"Drama, Suspense",7.9,R,Series,Amazon Prime Video
78,78,Beauty and the Beast,2013,English,"Drama, Sci-fi",7.1,R,Series,Amazon Prime Video
79,79,NCIS,2004,English,"Drama, Action",7.8,R,Series,Amazon Prime Video
80,80,Masters of Sex,2013,English,Fantasy,7.5,R,Series,Amazon Prime Video
81,81,Into the Badlands,2015,English,"Drama, Action, Sci-fi",8.0,R,Series,Amazon Prime Video
82,82,Vella Raja,2018,Hindi,Action,7.5,R,Series,Amazon Prime Video
83,83,Bang Baaja Baaraat,2015,Hindi,Drama,8.0,NC-17,Series,Amazon Prime Video
84,84,Covert Affairs,2010,English,"Drama, Action",7.5,PG-13,Series,Amazon Prime Video
85,85,The Handmaid's Tale,2017,English,Drama,8.5,NC-17,Series,Amazon Prime Video
86,86,Gangstars,2018,Telugu,"Drama, Suspense",7.5,PG-13,Series,Amazon Prime Video
87,87,Madam Secretary,2015,English,Drama,7.5,PG-13,Series,Amazon Prime Video
88,88,Marvel's Runaways,2018,English,"Drama, Sci-fi",7.5,R,Series,Amazon Prime Video
89,89,One Tree Hill,2004,English,Drama,7.5,PG-13,Series,Amazon Prime Video
90,90,Absentia,2018,English,"Drama, Suspense",7.3,R,Series,Amazon Prime Video
91,91,Grimm,2012,English,"Drama, Action, Adventure",7.5,R,Series,Amazon Prime Video
92,92,Heroes,2007,English,"Drama, Sci-fi",7.5,R,Series,Amazon Prime Video
93,93,Startup,2016,English,Drama,8.0,NC-17,Series,Amazon Prime Video
94,94,Extant,2014,English,Drama,6.6,R,Series,Amazon Prime Video
95,95,Goliath,2016,English,Drama,8.2,NC-17,Series,Amazon Prime Video
96,96,Station 19,2018,English,Drama,7.5,R,Series,Amazon Prime Video
97,97,Diablo Guardian,2018,English,Drama,6.0,NC-17,Series,Amazon Prime Video
98,98,Lethal Weapon,2017,English,"Drama, Action",7.9,R,Series,Amazon Prime Video
99,99,Chernobyl: Aftermath,2016,English,Drama,7.5,PG-13,Series,Amazon Prime Video
100,100,Blue Bloods,2011,English,Drama,7.6,R,Series,Amazon Prime Video
101,101,Patriot,2017,English,"Drama, Suspense",8.3,NC-17,Series,Amazon Prime Video
102,102,Rizzoli and Isles,2010,English,"Drama, Action",7.6,R,Series,Amazon Prime Video
103,103,Luther,2010,English,Drama,7.5,NC-17,Series,Amazon Prime Video
104,104,Dispatches from Elsewhere,2020,English,"Drama, Suspense",7.5,R,Series,Amazon Prime Video
105,105,Mad Men,2007,English,Drama,8.6,R,Series,Amazon Prime Video
106,106,The Looming Tower,2018,English,"Drama, Suspense",7.5,NC-17,Series,Amazon Prime Video
107,107,Siyaasat,2015,Hindi,Drama,7.5,PG-13,Series,Amazon Prime Video
108,108,Mafia Undercover,2016,Italiano,Drama,7.5,R,Series,Amazon Prime Video
109,109,The Baker and The Beauty,2014,Hebrew,"Drama, Romance",7.5,PG-13,Series,Amazon Prime Video
110,110,"Roswell, New Mexico",2019,English,Drama,7.5,G,Series,Amazon Prime Video
111,111,Pretty Little Liars: The Perfectionists,2019,English,Drama,7.5,PG-13,Series,Amazon Prime Video
112,112,Major Crimes,2012,English,Drama,7.7,R,Series,Amazon Prime Video
113,113,Happy Marriage!?,2018,Japanese,"Drama, Romance",7.5,PG-13,Series,Amazon Prime Video
114,114,The Crossing,2018,English,"Drama, Sci-fi",7.5,G,Series,Amazon Prime Video
115,115,Famous in Love,2017,English,"Drama, Romance",6.9,G,Series,Amazon Prime Video
116,116,Rush,2008,English,Drama,7.5,NC-17,Series,Amazon Prime Video
117,117,Whiskey Cavalier,2019,English,"Drama, Comedy, Action",7.5,PG-13,Series,Amazon Prime Video
118,118,Hawaii Five-O,2011,English,"Drama, Action",7.3,R,Series,Amazon Prime Video
119,119,Penny Dreadful,2014,English,"Drama, Horror",8.2,G,Series,Amazon Prime Video
120,120,You are Wanted,2017,English,Drama,7.5,PG-13,Series,Amazon Prime Video
121,121,H.G. Wells: The Invisible Man,2012,English,"Drama, Sci-fi, Suspense, Action",7.5,PG,Series,Amazon Prime Video
122,122,Parenthood,2010,English,"Drama, Comedy",7.5,R,Series,Amazon Prime Video
123,123,Marvel's Cloak & Dagger,2018,English,"Drama, Fantasy",7.5,R,Series,Amazon Prime Video
124,124,Preacher,2016,English,Drama,8.0,NC-17,Series,Amazon Prime Video
125,125,The Trial: A Murder in the Family,2017,English,Drama,7.5,R,Series,Amazon Prime Video
126,126,Claws,2017,English,Drama,7.3,G,Series,Amazon Prime Video
127,127,The Good Fight,2017,English,Drama,7.5,NC-17,Series,Amazon Prime Video
128,128,Sneaky Pete,2017,English,Drama,8.2,NC-17,Series,Amazon Prime Video
129,129,Shaktimaan,1998,Hindi,Drama,7.5,R,Series,Amazon Prime Video
130,130,American Woman,2018,English,"Drama, Comedy",7.5,G,Series,Amazon Prime Video
131,131,Hap and Leonard,2016,English,"Drama, Suspense",7.6,R,Series,Amazon Prime Video
132,132,Chicago Med,2016,English,Drama,7.5,G,Series,Amazon Prime Video
133,133,Murder in the First,2014,English,Drama,7.2,NC-17,Series,Amazon Prime Video
134,134,House of Lies,2012,English,"Drama, Comedy",7.4,NC-17,Series,Amazon Prime Video
135,135,The Missing,2014,English,Drama,7.5,R,Series,Amazon Prime Video
136,136,Dance Academy,2010,English,Drama,8.1,PG,Series,Amazon Prime Video
137,137,A very English Scandal,2018,English,Drama,7.5,R,Series,Amazon Prime Video
138,138,Mozart in the Jungle,2014,English,"Drama, Comedy",8.2,NC-17,Series,Amazon Prime Video
139,139,21 Jump Street,1987,English,Drama,7.5,R,Series,Amazon Prime Video
140,140,The Romanoffs,2018,English,Drama,7.0,R,Series,Amazon Prime Video
141,141,El Presidente,2020,Spanish,Drama,7.5,G,Series,Amazon Prime Video
142,142,Ray Donovan,2013,English,Drama,8.3,G,Series,Amazon Prime Video
143,143,The Neighbors,2014,Nederlands,Drama,7.5,R,Series,Amazon Prime Video
144,144,Training Day,2017,English,"Drama, Action",6.0,R,Series,Amazon Prime Video
145,145,Flesh and Bone,2015,English,"Drama, LGBTQ, Arts, Entertainment, Culture",8.0,NC-17,Series,Amazon Prime Video
146,146,Injustice,2011,English,Drama,7.5,PG-13,Series,Amazon Prime Video
147,147,Tokyo Girl,2018,Japanese,"Drama, Comedy",8.1,PG-13,Series,Amazon Prime Video
148,148,Z: The Beginning of Everything,2017,English,Drama,7.2,NC-17,Series,Amazon Prime Video
149,149,Guilt,2016,English,Drama,6.0,G,Series,Amazon Prime Video
150,150,Good Girls Revolt,2016,English,Drama,8.2,NC-17,Series,Amazon Prime Video
151,151,Hand of God,2015,English,Drama,7.5,NC-17,Series,Amazon Prime Video
152,152,The Rook,2019,English,Drama,7.5,NC-17,Series,Amazon Prime Video
153,153,Time After Time,2017,English,"Drama, Sci-fi",6.7,R,Series,Amazon Prime Video
154,154,Life,2007,English,Drama,8.3,G,Series,Amazon Prime Video
155,155,Hunter,1985,English,Drama,7.5,R,Series,Amazon Prime Video
156,156,The Missing,2014,English,Drama,7.5,R,Series,Amazon Prime Video
157,157,Fukuyadou Honpo-Kyoto Love Story,2018,Japanese,"Drama, Romance",7.7,PG-13,Series,Amazon Prime Video
158,158,Collision,2009,English,Drama,7.5,PG-13,Series,Amazon Prime Video
159,159,Presumed Guilty,2016,Italiano,Drama,7.5,NC-17,Series,Amazon Prime Video
160,160,Deutschland,2015,Deutsch,Drama,8.1,NC-17,Series,Amazon Prime Video
161,161,Lore,2017,English,Horror,6.7,R,Series,Amazon Prime Video
162,162,Tokyo Alice,2019,Japanese,Drama,4.0,PG-13,Series,Amazon Prime Video
163,163,Warrior's Way,2018,English,Drama,7.5,PG-13,Series,Amazon Prime Video
164,164,Silk Stalkings,1992,English,Drama,7.5,R,Series,Amazon Prime Video
165,165,Transparent,2014,English,"Drama, Comedy, LGBTQ",7.8,NC-17,Series,Amazon Prime Video
166,166,The Last Tycoon,2017,English,Drama,7.7,NC-17,Series,Amazon Prime Video
167,167,Too Old to Die Young,2019,English,Drama,7.5,NC-17,Series,Amazon Prime Video
168,168,4 Blocks,2017,English,Drama,7.5,R,Series,Amazon Prime Video
169,169,Haunted,2005,French,Drama,7.5,PG-13,Series,Amazon Prime Video
170,170,Lodge 49,2018,English,"Drama, Comeddy",7.5,NC-17,Series,Amazon Prime Video
171,171,The First,2018,English,"Drama, Sci-fi",7.5,NC-17,Series,Amazon Prime Video
172,172,Black sun,2017,Serbian,Drama,7.5,NC-17,Series,Amazon Prime Video
173,173,Life Sentence,2018,English,Drama,7.5,R,Series,Amazon Prime Video
174,174,Shackleton: Trapped in the South Pole,2002,English,Drama,7.5,R,Series,Amazon Prime Video
175,175,Final Life,2019,Japanese,Drama,5.2,R,Series,Amazon Prime Video
176,176,Falling Water,2016,English,"Drama, Sci-fi",6.5,R,Series,Amazon Prime Video
177,177,"Midnight, Texas",2017,English,Drama,7.5,G,Series,Amazon Prime Video
178,178,The Idolm@aster.kr,2017,Japanese,Drama,7.5,PG-13,Series,Amazon Prime Video
179,179,Inside Borussia Dortmund,2019,English,"Drama, Documentary",7.5,G,Series,Amazon Prime Video
180,180,All American,2019,English,"Drama, Sports",7.5,G,Series,Amazon Prime Video
181,181,Almirante Hotel,2015,Spanish,Drama,7.5,PG-13,Series,Amazon Prime Video
182,182,The Collection,2016,English,Drama,7.1,R,Series,Amazon Prime Video
183,183,Beat,2018,English,Drama,7.4,R,Series,Amazon Prime Video
184,184,Coloner March of Scotland Yard,1956,English,Drama,7.5,PG,Series,Amazon Prime Video
185,185,New Worlds,2014,English,Drama,7.5,R,Series,Amazon Prime Video
186,186,Missing Evidence,2015,English,Drama,7.5,G,Series,Amazon Prime Video
187,187,Deadly Game,2013,Italiano,Drama,7.5,R,Series,Amazon Prime Video
188,188,Feed the Beast,2016,English,Drama,6.7,R,Series,Amazon Prime Video
189,189,The Commish,1992,English,Drama,7.5,R,Series,Amazon Prime Video
190,190,Water Rats,1996,English,Drama,7.5,R,Series,Amazon Prime Video
191,191,The Incredible Journey of Mary Bryant,2007,English,Drama,7.5,NC-17,Series,Amazon Prime Video
192,192,Dietland,2018,English,"Drama, Comedy",7.5,R,Series,Amazon Prime Video
193,193,One Mississippi,2016,English,Drama,7.3,NC-17,Series,Amazon Prime Video
194,194,Roadies,2016,English,"Drama, Comedy",7.3,NC-17,Series,Amazon Prime Video
195,195,Lifeline,2018,Russian,Drama,7.5,PG-13,Series,Amazon Prime Video
196,196,The Secrets of Borgo Lairci,2014,Italiano,Drama,7.5,R,Series,Amazon Prime Video
197,197,MAGI The Tensho Boys' Embassy,2019,Japanese,Drama,7.5,R,Series,Amazon Prime Video
198,198,Stingray,1986,English,Drama,7.5,R,Series,Amazon Prime Video
199,199,Tucker's Witch,1983,English,Drama,7.5,R,Series,Amazon Prime Video
200,200,Extrano Enemigo,2018,Spanish,Drama,7.5,R,Series,Amazon Prime Video
201,201,The Cecil B. DeMille Classics Collection,1926,English,Drama,7.5,PG-13,Series,Amazon Prime Video
202,202,The Path,2016,English,Drama,7.3,NC-17,Series,Amazon Prime Video
203,203,Girlfriends Guide to Divorce,2015,English,Comedy,6.9,G,Series,Amazon Prime Video
204,204,Lorena,2019,English,Documentary,7.2,R,Series,Amazon Prime Video
205,205,When We Go to War,2015,English,Drama,7.5,NC-17,Series,Amazon Prime Video
206,206,Peter Gunn,1959,English,Drama,7.5,PG-13,Series,Amazon Prime Video
207,207,Queen Sugar,2016,English,Drama,7.7,G,Series,Amazon Prime Video
208,208,Alone Together,2018,English,Comedy,7.5,R,Series,Amazon Prime Video
209,209,Booker,1990,English,Drama,7.5,R,Series,Amazon Prime Video
210,210,Casanova: PBS Masterpiece Theatre- The Complete Series,2005,English,Drama,7.5,NC-17,Series,Amazon Prime Video
211,211,Mr. Lucky,1960,English,Drama,7.5,PG-13,Series,Amazon Prime Video
212,212,The Lives of the Saints,2007,English,Drama,7.5,PG-13,Series,Amazon Prime Video
213,213,Neon Rider,1990,English,Drama,7.5,R,Series,Amazon Prime Video
214,214,The Ray Bradbury Theatre,1986,English,Drama,7.5,PG-13,Series,Amazon Prime Video
215,215,Silver and Gold,2017,Japanese,Drama,7.5,NC-17,Series,Amazon Prime Video
216,216,An Unknown Enemy,2018,Spanish,Drama,8.1,NC-17,Series,Amazon Prime Video
217,217,Black Harbour,1997,English,Drama,7.5,PG-13,Series,Amazon Prime Video
218,218,Family Pictures,1993,English,Drama,7.5,PG-13,Series,Amazon Prime Video
219,219,To the Ends of the Earth (BBC Series),2005,English,Drama,7.5,PG-13,Series,Amazon Prime Video
220,220,The Red Line,2019,English,Drama,7.5,G,Series,Amazon Prime Video
221,221,Your brush with Nature,2008,English,Drama,7.5,G,Series,Amazon Prime Video
222,222,The Last Ship,2014,English,"Drama, Suspense, Action",7.5,R,Series,Amazon Prime Video
223,223,Constantine,2015,English,"Sci-fi, Action, Suspense ",7.5,R,Series,Amazon Prime Video
224,224,Super Wings,2016,English,Kids,7.5,G,Series,Amazon Prime Video
225,225,Lockout,2016,Italiano,Action,7.5,R,Series,Amazon Prime Video
226,226,Lost in Oz,2017,English,Kids,7.7,PG,Series,Amazon Prime Video
227,227,Journey with Dylan Dreyer,2017,English,Action,7.5,PG-13,Series,Amazon Prime Video
228,228,Vir the Robot Boy,2013,Hindi,Kids,7.5,PG,Series,Amazon Prime Video
229,229,Forensic Files,1998,English,Documentary,7.5,PG-13,Series,Amazon Prime Video
230,230,Highway on my Plate,2013,English,Adventure,7.5,G,Series,Amazon Prime Video
231,231,The Lost World,2000,English,Action,7.5,PG-13,Series,Amazon Prime Video
232,232,T-Buster,2018,English,Kids,7.5,G,Series,Amazon Prime Video
233,233,Tobot,2018,English,Kids,7.5,PG,Series,Amazon Prime Video
234,234,Tropical Heat,1991,English,Action,7.5,R,Series,Amazon Prime Video
235,235,Amazon Riders,2018,Japanese,Action,7.9,PG-13,Series,Amazon Prime Video
236,236,Hitler's Eastern Front,2009,English,Action,7.5,PG-13,Series,Amazon Prime Video
237,237,Full Disclosure,2015,Italiano,Action,7.5,R,Series,Amazon Prime Video
238,238,Conviction,2009,French,Action,7.5,PG-13,Series,Amazon Prime Video
239,239,Junior G,2001,Hindi,Action,7.5,PG,Series,Amazon Prime Video
240,240,U.S Bounty Hunters,2013,English,Action,7.5,R,Series,Amazon Prime Video
241,241,Legacy,2017,Serbian,Action,7.5,PG-13,Series,Amazon Prime Video
242,242,The Adventures of Robin Hood,1956,English,Adventure,7.5,PG-13,Series,Amazon Prime Video
243,243,Skulls and Roses,2019,Hindi,Action,4.3,NC-17,Series,Amazon Prime Video
244,244,Caribbean Thunder,2011,Italiano,Action,7.5,PG-13,Series,Amazon Prime Video
245,245,The New Adventures of Flash Gordon,1979,English,Action,7.5,PG,Series,Amazon Prime Video
246,246,Renegade,1993,English,Action,7.5,R,Series,Amazon Prime Video
247,247,Strike Force,2014,Nederlands,Action,7.5,R,Series,Amazon Prime Video
248,248,The Harbor: Aberdeen,2015,English,Action,7.5,PG-13,Series,Amazon Prime Video
249,249,Teen Wolf,1986,English,Action,7.5,PG,Series,Amazon Prime Video
250,250,The Buccaneers,1957,English,Action,7.5,PG-13,Series,Amazon Prime Video
251,251,Cocomong,2008,English,Kids,7.5,G,Series,Amazon Prime Video
252,252,Vancy Derringer,1959,English,Action,7.5,PG-13,Series,Amazon Prime Video
253,253,Shark Man,2014,English,Action,7.5,PG-13,Series,Amazon Prime Video
254,254,Bhoot and Friends,2019,Hindi,Kids,7.5,PG,Series,Amazon Prime Video
255,255,The Greatest American Hero,1981,English,Action,7.5,R,Series,Amazon Prime Video
256,256,Space Precinct: Complete Series,1995,English,Action,7.5,PG-13,Series,Amazon Prime Video
257,257,Which Way To ,2012,English,Action,7.5,G,Series,Amazon Prime Video
258,258,Young Sheldon,2018,English,Comedy,7.5,PG-13,Series,Amazon Prime Video
259,259,The Big Bang Theory,2008,English,Comedy,7.5,PG-13,Series,Amazon Prime Video
260,260,The Office,2005,English,Comedy,7.5,PG-13,Series,Amazon Prime Video
261,261,Mr. Bean,1995,English,Comedy,8.5,R,Series,Amazon Prime Video
262,262,Mind the Malhotras,2019,Hindi,Comedy,7.5,R,Series,Amazon Prime Video
263,263,Mr. Bean: The Animated Series,2016,English,Comedy,6.8,PG-13,Series,Amazon Prime Video
264,264,2 Broke Girls,2012,English,Comedy,6.7,R,Series,Amazon Prime Video
265,265,The Stinky & Dirty Show,2016,English,"Kids, Animation",7.1,G,Series,Amazon Prime Video
266,266,Joey,2005,English,Comedy,7.5,PG,Series,Amazon Prime Video
267,267,Two and a Half Men,2003,English,Comedy,7.0,R,Series,Amazon Prime Video
268,268,Selfie with Bajrangi,2018,English,Kids,7.5,G,Series,Amazon Prime Video
269,269,Russell Peters: Deported,2020,English,Comedy,6.1,R,Series,Amazon Prime Video
270,270,Classic Popeye,1960,English,Animation,7.5,G,Series,Amazon Prime Video
271,271,Inspector Chingum,2018,Hindi,Kids,7.5,PG,Series,Amazon Prime Video
272,272,Eeena Meena Deeka,2014,English,Kids,7.5,PG,Series,Amazon Prime Video
273,273,Psych,2007,English,Comedy,7.5,PG-13,Series,Amazon Prime Video
274,274,Mom,2014,English,Comedy,7.2,R,Series,Amazon Prime Video
275,275,Yeh Jo hain Zindagi,1984,Hindi,Comedy,7.5,PG-13,Series,Amazon Prime Video
276,276,Oggy and the Cockroaches,1998,Hindi,Kids,7.3,PG,Series,Amazon Prime Video
277,277,The Kicks,2016,English,"Sports, Drama",6.9,G,Series,Amazon Prime Video
278,278,The PowerPuff Girls,1999,English,"Kids, Animation",7.2,G,Series,Amazon Prime Video
279,279,The Middle,2010,English,Comedy,7.5,PG,Series,Amazon Prime Video
280,280,Zabaan Sambhalke,1993,Hindi,Comedy,7.5,PG-13,Series,Amazon Prime Video
281,281,Seinfeld,1990,English,Comedy,8.8,PG-13,Series,Amazon Prime Video
282,282,Parks and Recreation,2009,English,Comedy,7.5,PG-13,Series,Amazon Prime Video
283,283,Chaplin & Co,2012,English,Comedy,5.8,PG,Series,Amazon Prime Video
284,284,Shaitaan Haveli,2018,Hindi,Comedy,7.5,R,Series,Amazon Prime Video
285,285,The Fresh Prince of Bel-Air,1991,English,Comedy,7.5,PG,Series,Amazon Prime Video
286,286,Jimmy O. Yang: Good Deal,2020,English,"Arts, Entertainment, Culture",7.1,NC-17,Series,Amazon Prime Video
287,287,Cat vs Keet,2015,English,Kids,7.5,G,Series,Amazon Prime Video
288,288,Citizen Khan,2012,English,Comedy,7.5,PG,Series,Amazon Prime Video
289,289,Chuck,2008,English,Comedy,7.5,R,Series,Amazon Prime Video
290,290,The Mindy Project,2013,English,Comedy,7.4,R,Series,Amazon Prime Video
291,291,Curious George,2007,English,Kids,7.5,G,Series,Amazon Prime Video
292,292,Johnny Bravo,1998,English,Kids,7.2,PG,Series,Amazon Prime Video
293,293,Californication,2007,English,Comedy,8.3,NC-17,Series,Amazon Prime Video
294,294,Sigmund and the Sea Monsters,2017,English,Kids,6.9,G,Series,Amazon Prime Video
295,295,Casual,2015,English,Comedy,7.5,NC-17,Series,Amazon Prime Video
296,296,Munki and Trunk,2016,English,Kids,8.4,G,Series,Amazon Prime Video
297,297,Anger Management,2012,English,Comedy,6.6,PG-13,Series,Amazon Prime Video
298,298,Jean Claude Van Johnson,2017,English,Comedy,7.6,NC-17,Series,Amazon Prime Video
299,299,Best of AIB,2014,Hindi,Comedy,8.2,R,Series,Amazon Prime Video
300,300,Forever,2018,English,Comedy,7.2,R,Series,Amazon Prime Video
301,301,Dennis the Menace,1985,English,Kids,6.3,G,Series,Amazon Prime Video
302,302,Yes Minister: Specials,1980,English,Comedy,7.5,G,Series,Amazon Prime Video
303,303,I love Dick,2017,English,Comedy,6.2,NC-17,Series,Amazon Prime Video
304,304,Raja aur Rancho,1996,Hindi,Comedy,7.5,PG-13,Series,Amazon Prime Video
305,305,Dilruk Jayasinha: Bundle of Joy,2020,English,"Arts, Entertainment, Culture",7.5,R,Series,Amazon Prime Video
306,306,"Yes, Prime Minister",1986,English,Comedy,7.5,G,Series,Amazon Prime Video
307,307,Going Viral Pvt. Ltd.,2017,Hindi,Comedy,7.5,G,Series,Amazon Prime Video
308,308,PAC-MAN and the Ghostly Adventures,2013,English,Animation,7.5,PG,Series,Amazon Prime Video
309,309,El Juego de las Llaves,2019,Spanish,Comedy,7.5,NC-17,Series,Amazon Prime Video
310,310,Desperate Widows,2016,Suomi,"Drama, Comedy",6.5,R,Series,Amazon Prime Video
311,311,Coupling,2000,English,Comedy,7.5,R,Series,Amazon Prime Video
312,312,Trial and Error,2017,English,Comedy,8.0,PG-13,Series,Amazon Prime Video
313,313,Man's World,2015,Hindi,Comedy,7.3,PG-13,Series,Amazon Prime Video
314,314,Anne Edmonds: What's Wrong with You?,2020,English,"Arts, Entertainment, Culture",6.4,R,Series,Amazon Prime Video
315,315,Red Oaks,2015,English,Comedy,7.9,NC-17,Series,Amazon Prime Video
316,316,Censhorship in the Future,2015,English,Comedy,6.3,G,Series,Amazon Prime Video
317,317,Alice Wettlund: My Mama is a Human and So Am I,2019,English,Comedy,4.7,R,Series,Amazon Prime Video
318,318,Die Trying,2018,English,Comedy,7.5,R,Series,Amazon Prime Video
319,319,That Girl,1967,English,Comedy,7.1,PG,Series,Amazon Prime Video
320,320,Little Big Awesome,2018,English,Kids,7.2,G,Series,Amazon Prime Video
321,321,Celia Pacquola: All Talk,2020,English,Comedy,7.5,R,Series,Amazon Prime Video
322,322,Tommy Little: Self-Diagnosed Genius,2020,English,"Arts, Entertainment, Culture",6.2,R,Series,Amazon Prime Video
323,323,Bananas in Pyjamas,2012,English,Kids,7.5,G,Series,Amazon Prime Video
324,324,The New Archie's,1988,English,Kids,6.7,PG,Series,Amazon Prime Video
325,325,The Simple Life,2004,English,Comedy,7.5,R,Series,Amazon Prime Video
326,326,The Detour,2016,English,Action,7.7,NC-17,Series,Amazon Prime Video
327,327,Splitting Up Together,2018,English,Comedy,7.5,NC-17,Series,Amazon Prime Video
328,328,Paul Chowdhry: Live Innit,2019,English,"Arts, Entertainment, Culture",7.5,NC-17,Series,Amazon Prime Video
329,329,Danger and Eggs,2017,English,Comedy,6.6,G,Series,Amazon Prime Video
330,330,EIC vs The World,2017,English,Comedy,8.0,R,Series,Amazon Prime Video
331,331,SNG: What if,2016,Hindi,Comedy,6.0,G,Series,Amazon Prime Video
332,332,Living Biblically,2018,English,Comedy,7.5,G,Series,Amazon Prime Video
333,333,Kanan Gill: How Insensitive,2016,English,Comedy,7.0,G,Series,Amazon Prime Video
334,334,Jim Gaffigan: Quality Time,2019,English,Comedy,7.6,PG-13,Series,Amazon Prime Video
335,335,Angie Tribeca,2016,English,Comedy,7.0,R,Series,Amazon Prime Video
336,336,Inside Jokes,2018,English,"Arts, Entertainment, Culture",7.1,R,Series,Amazon Prime Video
337,337,Alice Fraser: Savage,2020,English,Comedy,7.5,R,Series,Amazon Prime Video
338,338,Judith Lucy: Judith Lucy vs Men,2020,English,Comedy,6.0,NC-17,Series,Amazon Prime Video
339,339,Zoe Coombs Marr: Bossy Bottom,2020,English,Comedy,7.5,NC-17,Series,Amazon Prime Video
340,340,The Grand Tour,2017,English,Sports,8.7,R,Series,Amazon Prime Video
341,341,The Adventures of Rocky and Bullwinkle,2018,English,Kids,5.4,G,Series,Amazon Prime Video
342,342,The Adventures of Paddington Bear,2007,English,Kids,7.1,G,Series,Amazon Prime Video
343,343,Chacha Bhatija,2016,Hindi,Kids,7.5,PG,Series,Amazon Prime Video
344,344,Lexx,1997,English,Sci-fi,7.5,PG-13,Series,Amazon Prime Video
345,345,Atchoo,2018,Hindi,Kids,7.5,G,Series,Amazon Prime Video
346,346,Tom Gleeson: Joy,2020,English,Comedy,6.3,R,Series,Amazon Prime Video
347,347,People of Earth,2016,English,Comedy,7.7,G,Series,Amazon Prime Video
348,348,Son of Abish,2016,English,"Arts, Entertainment, Culture",7.3,PG-13,Series,Amazon Prime Video
349,349,Tom Walker: Very Very,2020,English,Comedy,7.5,R,Series,Amazon Prime Video
350,350,Jayde Adams: Serious Black Jumper,2020,English,Comedy,6.9,R,Series,Amazon Prime Video
351,351,Crisis in Six Scenes,2016,English,Comedy,6.6,NC-17,Series,Amazon Prime Video
352,352,Alonzo Bodden: Heavy Lightweight,2019,English,Comedy,5.6,R,Series,Amazon Prime Video
353,353,Chris Ramsey: Approval Needed,2019,English,"Arts, Entertainment, Culture",7.2,R,Series,Amazon Prime Video
354,354,LOL: Australia,2020,English,Comedy,7.5,G,Series,Amazon Prime Video
355,355,#IMomSoHard Live,2019,English,Comedy,5.4,R,Series,Amazon Prime Video
356,356,Caligula,2018,Japanese,Comedy,7.5,PG-13,Series,Amazon Prime Video
357,357,Lano & Woodley: Fly,2020,English,Comedy,6.2,R,Series,Amazon Prime Video
358,358,The Late Show with James Corden,2018,English,Comedy,6.2,G,Series,Amazon Prime Video
359,359,Spaced,1999,English,Comedy,7.5,R,Series,Amazon Prime Video
360,360,Random Gappa,2017,Marathi,Comedy,7.5,G,Series,Amazon Prime Video
361,361,Rob Delaney: Jackie,2020,English,Comedy,6.4,NC-17,Series,Amazon Prime Video
362,362,Mike E. Winfield: StepMan,2019,English,Comedy,6.3,R,Series,Amazon Prime Video
363,363,Ed Gamble: Blood Sugar,2019,English,"Arts, Entertainment, Culture",7.5,R,Series,Amazon Prime Video
364,364,Mini Ninjas,2015,English,Comedy,7.5,G,Series,Amazon Prime Video
365,365,Loudermilk,2017,English,Comedy,7.5,R,Series,Amazon Prime Video
366,366,Flo and Joan: Alive on Stage,2019,English,"Arts, Entertainment, Culture",7.5,R,Series,Amazon Prime Video
367,367,Ilana Glazer: The Planet is Burning,2020,English,Comedy,3.7,NC-17,Series,Amazon Prime Video
368,368,Scream Street,2015,English,Kids,7.1,G,Series,Amazon Prime Video
369,369,"Me, Myself and I",2017,English,Comedy,7.2,G,Series,Amazon Prime Video
370,370,Kung Fu Bunny,2016,English,Kids,7.5,PG-13,Series,Amazon Prime Video
371,371,The Kacey Musgraves Christmas Show,2019,English,Comedy,7.2,PG,Series,Amazon Prime Video
372,372,Simon's Cat- Classic Collection,2018,English,Comedy,7.5,G,Series,Amazon Prime Video
373,373,The Danny Thomas Show,1958,English,Comedy,7.2,G,Series,Amazon Prime Video
374,374,Hitoshi Matsumoto Presents Documental,2018,Japanese,Comedy,8.0,NC-17,Series,Amazon Prime Video
375,375,Businessmen VS Aliens,2018,Japanese,Comedy,4.5,PG-13,Series,Amazon Prime Video
376,376,Murphy Brown,2018,English,Comedy,7.5,G,Series,Amazon Prime Video
377,377,The Best of Groucho,1960,English,Comedy,7.5,PG,Series,Amazon Prime Video
378,378,WassUp With You,2018,Marathi,Comedy,7.5,PG-13,Series,Amazon Prime Video
379,379,Scooter: Secret Agent,2003,English,Comedy,6.8,G,Series,Amazon Prime Video
380,380,LOL: Last one Laughing,2019,Spanish,Comedy,7.5,NC-17,Series,Amazon Prime Video
381,381,Faireez,2006,English,Comedy,7.5,G,Series,Amazon Prime Video
382,382,A New Kind Of Magic,2017,English,Comedy,7.5,G,Series,Amazon Prime Video
383,383,The Real McCoys,1958,English,Comedy,7.5,G,Series,Amazon Prime Video
384,384,Uchimura Summers,2018,Japanese,"Arts, Entertainment, Culture",7.5,PG-13,Series,Amazon Prime Video
385,385,Paprika,2017,English,Kids,7.5,G,Series,Amazon Prime Video
386,386,Gattu- The Power Champ,2019,Hindi,Kids,7.5,PG,Series,Amazon Prime Video
387,387,Still Standing,2015,English,Comedy,7.5,PG-13,Series,Amazon Prime Video
388,388,Chris Tall Presents,2019,Deutsch,Comedy,7.5,R,Series,Amazon Prime Video
389,389,Short Poppies,2014,English,Comedy,7.5,PG-13,Series,Amazon Prime Video
390,390,The 2018 Rose Parade Hosted by Cord & Tish,2018,English,Comedy,7.5,G,Series,Amazon Prime Video
391,391,Aliens Love Underpants And,2017,English,Kids,7.5,G,Series,Amazon Prime Video
392,392,Gina Brillon: The Floor is Lava,2020,English,Comedy,7.5,R,Series,Amazon Prime Video
