,title,type,rated,runtime,genre,language,country,imdb_rating,OTT
0,10 Things I Hate About You,movie,PG-13,97.0,"Comedy, Drama, Romance","English, French",USA,7.3,Disney+ Hotstar
1,101 Dalmatian Street,series,Not Rated,81.0,"Animation, Comedy, Family",English,"UK, USA, Canada",6.2,Disney+ Hotstar
2,101 Dalmatians,movie,G,103.0,"Adventure, Comedy, Crime, Family","English, Spanish","USA, UK",5.7,Disney+ Hotstar
3,101 Dalmatians 2: Patch's London Adventure,movie,G,74.0,"Animation, Adventure, Comedy, Family, Musical",English,USA,5.8,Disney+ Hotstar
4,102 Dalmatians,movie,G,100.0,"Adventure, Comedy, Family",English,"USA, UK",4.9,Disney+ Hotstar
5,12 Dates of Christmas,movie,PG,90.0,"Comedy, Fantasy, Romance",English,USA,6.3,Disney+ Hotstar
6,"20,000 Leagues Under the Sea",movie,G,127.0,"Adventure, Drama, Family, Fantasy, Sci-Fi",English,USA,7.2,Disney+ Hotstar
7,A Bug's Life,movie,G,95.0,"Animation, Adventure, Comedy, Family",English,USA,7.2,Disney+ Hotstar
8,A Celebration of the Music from Coco,movie,Not Rated,81.0,Music,English,USA,7.6,Disney+ Hotstar
9,A Goofy Movie,movie,G,78.0,"Animation, Adventure, Comedy, Family, Musical, Romance",English,"USA, Australia, France, Canada",6.8,Disney+ Hotstar
10,A Kid in King Arthur's Court,movie,PG,89.0,"Adventure, Comedy, Family, Fantasy, Romance",English,"USA, Hungary, UK",4.7,Disney+ Hotstar
11,A Knight for a Day,movie,Approved,7.0,"Animation, Short, Comedy",English,USA,7.0,Disney+ Hotstar
12,A Ring of Endless Light,movie,TV-G,88.0,"Drama, Family, Romance",English,USA,6.1,Disney+ Hotstar
13,A Tale of Two Critters,movie,G,48.0,"Adventure, Family",English,USA,7.1,Disney+ Hotstar
14,A Wrinkle in Time,movie,PG,109.0,"Adventure, Family, Fantasy, Sci-Fi",English,USA,4.2,Disney+ Hotstar
15,Aladdin,movie,PG,128.0,"Adventure, Family, Fantasy, Musical, Romance","English, Arabic",USA,7.0,Disney+ Hotstar
16,Aladdin,movie,G,90.0,"Animation, Adventure, Comedy, Family, Fantasy, Musical, Romance",English,USA,8.0,Disney+ Hotstar
17,Aladdin and the King of Thieves,movie,Not Rated,81.0,"Animation, Adventure, Comedy, Family, Fantasy, Musical, Romance",English,USA,6.4,Disney+ Hotstar
18,Aladdin and the Return of Jafar,movie,G,69.0,"Animation, Adventure, Comedy, Family, Fantasy, Musical, Romance",English,USA,5.9,Disney+ Hotstar
19,Alice in Wonderland,movie,G,75.0,"Animation, Adventure, Family, Fantasy, Musical",English,USA,7.4,Disney+ Hotstar
20,Alice in Wonderland,movie,PG,108.0,"Adventure, Family, Fantasy",English,USA,6.4,Disney+ Hotstar
21,Aliens of the Deep,movie,G,100.0,"Documentary, Family",English,USA,6.4,Disney+ Hotstar
22,All in a Nutshell,movie,Approved,7.0,"Family, Comedy, Animation, Short",English,USA,7.6,Disney+ Hotstar
23,Alley Cats Strike,movie,TV-G,103.0,"Drama, Family, Sport",English,"USA, Canada",6.2,Disney+ Hotstar
24,Almost Angels,movie,Not Rated,93.0,"Comedy, Family, Music",English,USA,7.1,Disney+ Hotstar
25,America's Funniest Home Videos,series,TV-PG,30.0,"Comedy, Family, Reality-TV",English,USA,6.2,Disney+ Hotstar
26,America's Heart & Soul,movie,PG,84.0,Documentary,English,USA,4.8,Disney+ Hotstar
27,America's National Parks,series,TV-G,81.0,Documentary,English,USA,7.9,Disney+ Hotstar
28,Amy,movie,G,100.0,"Family, Drama","English, American Sign Language",USA,6.6,Disney+ Hotstar
29,An Extremely Goofy Movie,movie,G,79.0,"Animation, Comedy, Family, Sport",English,"USA, Australia",6.4,Disney+ Hotstar
30,Andi Mack,series,TV-G,25.0,"Comedy, Family",English,USA,7.3,Disney+ Hotstar
31,Annie,movie,Unrated,90.0,"Family, Comedy, Musical",English,USA,6.7,Disney+ Hotstar
32,Apollo: Missions to the Moon,movie,Not Rated,94.0,History,English,USA,7.7,Disney+ Hotstar
34,Around the World in 80 Days,movie,PG,120.0,"Action, Adventure, Comedy, Family, Western","English, Cantonese, French, German, Hindi, Turkish","USA, Germany, Ireland, UK",5.9,Disney+ Hotstar
35,Atlantis Rising,movie,Not Rated,93.0,"Documentary, Adventure, Mystery",English,Canada,6.8,Disney+ Hotstar
36,Atlantis: Milo's Return,movie,G,70.0,"Animation, Action, Adventure, Comedy, Drama, Family, Fantasy, Sci-Fi","Norwegian, English",USA,5.1,Disney+ Hotstar
37,Atlantis: The Lost Empire,movie,PG,95.0,"Animation, Action, Adventure, Family, Fantasy, Sci-Fi","English, French, Spanish",USA,6.9,Disney+ Hotstar
38,Auntie Edna,movie,Not Rated,5.0,"Animation, Short, Action, Adventure, Comedy, Family",English,USA,7.1,Disney+ Hotstar
39,Austin & Ally,series,TV-G,30.0,"Comedy, Family, Music",English,USA,5.9,Disney+ Hotstar
40,Avatar,movie,PG-13,162.0,"Action, Adventure, Fantasy, Sci-Fi","English, Spanish",USA,7.8,Disney+ Hotstar
42,Babes in the Woods,movie,Approved,8.0,"Family, Animation, Short, Comedy",English,USA,6.8,Disney+ Hotstar
43,Babes in Toyland,movie,Approved,106.0,"Comedy, Family, Fantasy, Musical, Romance",English,USA,6.3,Disney+ Hotstar
44,Bambi,movie,G,70.0,"Animation, Drama, Family",English,USA,7.3,Disney+ Hotstar
45,Bambi and the Great Prince of the Forest,movie,G,75.0,"Animation, Adventure, Drama, Family, Romance",English,USA,6.1,Disney+ Hotstar
46,Bao,movie,G,8.0,"Animation, Short, Family, Fantasy","Chinese, English","USA, Canada",7.5,Disney+ Hotstar
47,Be Our Chef,series,Not Rated,81.0,Not Available,English,USA,6.7,Disney+ Hotstar
48,Beach Picnic,movie,Approved,8.0,"Animation, Family, Comedy, Short",English,USA,6.7,Disney+ Hotstar
49,Bearly Asleep,movie,Not Rated,8.0,"Animation, Short, Comedy",English,USA,7.6,Disney+ Hotstar
50,Beauty and the Beast,movie,G,84.0,"Animation, Family, Fantasy, Musical, Romance","English, French",USA,8.0,Disney+ Hotstar
51,Belle's Magical World,movie,G,92.0,"Animation, Comedy, Family, Fantasy, Musical, Romance",English,USA,5.4,Disney+ Hotstar
52,Beauty and the Beast: The Enchanted Christmas,movie,G,72.0,"Animation, Family, Fantasy, Music, Musical",English,"Canada, USA",6.1,Disney+ Hotstar
53,Because of Winn-Dixie,movie,PG,106.0,"Comedy, Drama, Family",English,USA,6.3,Disney+ Hotstar
54,Bedknobs and Broomsticks,movie,G,117.0,"Animation, Adventure, Comedy, Family, Fantasy, Musical","English, German",USA,7.1,Disney+ Hotstar
55,Bedtime Stories,movie,PG,99.0,"Comedy, Family, Fantasy, Romance",English,USA,6.0,Disney+ Hotstar
56,Beezy Bear,movie,Not Rated,7.0,"Animation, Comedy, Family",English,USA,7.4,Disney+ Hotstar
57,Before the Flood,movie,PG,96.0,Documentary,English,USA,8.3,Disney+ Hotstar
58,Benji the Hunted,movie,G,88.0,"Adventure, Family",English,USA,6.3,Disney+ Hotstar
59,Best Friends Whenever,series,TV-G,21.0,"Comedy, Family, Sci-Fi",English,USA,5.5,Disney+ Hotstar
60,Big Business,movie,PG,97.0,Comedy,"English, Italian",USA,6.4,Disney+ Hotstar
61,Big City Greens,series,TV-Y7,22.0,"Animation, Short, Adventure, Comedy, Family",English,USA,6.6,Disney+ Hotstar
63,Big Hero 6,movie,PG,102.0,"Animation, Action, Adventure, Family, Sci-Fi",English,USA,7.8,Disney+ Hotstar
65,Billy Dilley's Super-Duper Subterranean Summer,series,Not Rated,81.0,"Animation, Comedy, Family",English,USA,6.2,Disney+ Hotstar
67,Bizarre Dinosaurs,movie,Not Rated,81.0,Documentary,English,USA,6.6,Disney+ Hotstar
68,Blackbeard's Ghost,movie,Approved,106.0,"Comedy, Family, Fantasy",English,USA,6.9,Disney+ Hotstar
69,Blank Check,movie,PG,93.0,"Comedy, Crime, Family",English,USA,5.3,Disney+ Hotstar
70,Bluey,series,TV-Y,81.0,Animation,English,"Australia, UK",9.7,Disney+ Hotstar
71,Boat Builders,movie,Not Rated,7.0,"Animation, Comedy, Family, Short",English,USA,7.3,Disney+ Hotstar
72,Bolt,movie,PG,96.0,"Animation, Adventure, Comedy, Drama, Family",English,USA,6.8,Disney+ Hotstar
74,Bonkers,series,TV-Y,27.0,"Animation, Action, Adventure, Comedy, Crime, Family",English,USA,6.8,Disney+ Hotstar
76,Boundin',movie,G,5.0,"Animation, Short, Comedy, Family, Musical",English,USA,7.0,Disney+ Hotstar
77,Boy Meets World,series,TV-G,23.0,"Comedy, Drama, Family",English,USA,8.1,Disney+ Hotstar
78,Brain Games,series,TV-G,30.0,"Documentary, Comedy, Drama, Game-Show, Reality-TV",English,USA,8.3,Disney+ Hotstar
79,Brave,movie,PG,93.0,"Animation, Adventure, Comedy, Family, Fantasy",English,"USA, UK",7.1,Disney+ Hotstar
80,The Brave Little Toaster to the Rescue,movie,Not Rated,74.0,"Animation, Adventure, Family, Fantasy","Chinese, Mandarin, Japanese, Korean, French, English",USA,6.3,Disney+ Hotstar
81,Breaking2,movie,Not Rated,55.0,Documentary,English,USA,7.5,Disney+ Hotstar
83,Brink!,movie,TV-G,99.0,"Drama, Family, Sport",English,USA,7.1,Disney+ Hotstar
84,Brother Bear,movie,G,85.0,"Animation, Adventure, Comedy, Family, Fantasy","English, Inuktitut, Croatian, Serbian",USA,6.8,Disney+ Hotstar
85,Brother Bear 2,movie,G,74.0,"Animation, Adventure, Comedy, Family, Fantasy",English,USA,6.2,Disney+ Hotstar
86,Buffalo Dreams,movie,G,89.0,Family,English,USA,5.8,Disney+ Hotstar
87,Bug Juice: My Adventures at Camp,series,Not Rated,22.0,Reality-TV,English,USA,7.3,Disney+ Hotstar
89,Burn-E,movie,G,8.0,"Animation, Short, Adventure, Comedy, Family, Sci-Fi",English,USA,7.7,Disney+ Hotstar
90,Cadet Kelly,movie,TV-G,101.0,"Comedy, Drama, Family",English,"USA, Canada",5.5,Disney+ Hotstar
91,Camp Nowhere,movie,PG,96.0,"Adventure, Comedy, Family",English,USA,6.1,Disney+ Hotstar
92,Camp Rock,movie,TV-G,94.0,"Comedy, Family, Music, Musical, Romance","English, Portuguese",USA,5.2,Disney+ Hotstar
93,Camp Rock 2: The Final Jam,movie,TV-G,97.0,"Comedy, Family, Music, Musical, Romance",English,USA,5.2,Disney+ Hotstar
94,Can of Worms,movie,TV-PG,90.0,"Comedy, Family, Sci-Fi",English,"USA, Canada",5.0,Disney+ Hotstar
95,Candleshoe,movie,G,101.0,"Adventure, Comedy, Drama, Family",English,"UK, USA",6.8,Disney+ Hotstar
96,Canine Caddy,movie,Not Rated,7.0,"Animation, Short, Comedy",English,USA,6.7,Disney+ Hotstar
98,Cars,movie,G,117.0,"Animation, Comedy, Family, Sport","English, Italian, Japanese, Yiddish",USA,7.1,Disney+ Hotstar
99,Cars 2,movie,G,106.0,"Animation, Adventure, Comedy, Family, Sport","English, Japanese, Italian, French",USA,6.1,Disney+ Hotstar
100,Cars 3,movie,G,102.0,"Animation, Adventure, Comedy, Family, Sport",English,USA,6.7,Disney+ Hotstar
102,El Materdor,episode,Not Rated,36.0,"Animation, Adventure, Comedy, Family",English,USA,6.4,Disney+ Hotstar
108,Moon Mater,episode,TV-G,5.0,"Animation, Adventure, Comedy",English,USA,6.3,Disney+ Hotstar
109,Rescue Squad Mater,episode,Not Rated,36.0,"Animation, Adventure, Comedy",English,USA,6.3,Disney+ Hotstar
110,Spinning,episode,Not Rated,2.0,"Animation, Comedy, Family",English,USA,6.8,Disney+ Hotstar
112,Time Travel Mater,episode,G,6.0,"Animation, Adventure, Comedy, Family",English,USA,6.2,Disney+ Hotstar
113,Tokyo Mater,movie,G,7.0,"Animation, Short, Action, Adventure, Comedy, Family",English,USA,6.6,Disney+ Hotstar
114,Unidentified Flying Mater,episode,Not Rated,36.0,"Animation, Adventure, Comedy, Family",English,USA,6.4,Disney+ Hotstar
115,Bugged,episode,Not Rated,2.0,"Animation, Comedy, Family",English,USA,6.4,Disney+ Hotstar
116,Casebusters,episode,Unrated,120.0,"Adventure, Biography, Drama",English,USA,5.9,Disney+ Hotstar
117,Cheaper by the Dozen,movie,PG,98.0,"Comedy, Family",English,USA,5.9,Disney+ Hotstar
118,Cheetah,movie,G,83.0,"Adventure, Family",English,USA,6.1,Disney+ Hotstar
119,Chef Donald,movie,Approved,7.0,"Animation, Short, Comedy, Family",English,USA,7.3,Disney+ Hotstar
120,Chicken Little,movie,G,81.0,"Animation, Adventure, Comedy, Family, Fantasy, Sci-Fi",English,USA,5.7,Disney+ Hotstar
121,Chip 'n' Dale Rescue Rangers,series,TV-Y,22.0,"Animation, Adventure, Comedy, Family, Mystery",English,"USA, Taiwan, South Korea, China, Japan, UK",7.6,Disney+ Hotstar
122,Chip an' Dale,movie,Approved,7.0,"Animation, Short, Comedy, Family",English,USA,7.4,Disney+ Hotstar
123,Cinderella,movie,G,74.0,"Animation, Family, Fantasy, Musical, Romance",English,USA,7.3,Disney+ Hotstar
124,Cinderella 2: Dreams Come True,movie,G,73.0,"Animation, Family, Fantasy, Romance",English,USA,5.0,Disney+ Hotstar
125,Cinderella 3: A Twist in Time,movie,G,74.0,"Animation, Family, Fantasy, Musical, Romance",English,USA,5.9,Disney+ Hotstar
126,Clock Cleaners,movie,Approved,9.0,"Animation, Short, Comedy, Family",English,USA,7.5,Disney+ Hotstar
127,Cloud 9,movie,TV-G,85.0,"Action, Adventure, Drama, Family, Sport",English,USA,6.6,Disney+ Hotstar
128,Coco,movie,PG,105.0,"Animation, Adventure, Family, Fantasy, Music, Mystery","English, Spanish",USA,8.4,Disney+ Hotstar
130,College Road Trip,movie,G,83.0,"Adventure, Comedy, Drama, Family",English,USA,4.3,Disney+ Hotstar
131,Confessions of a Teenage Drama Queen,movie,PG,89.0,"Comedy, Family, Music, Romance",English,"Germany, USA",4.6,Disney+ Hotstar
132,Continent 7: Antarctica,series,Not Rated,47.0,Adventure,English,USA,7.5,Disney+ Hotstar
133,Cool Runnings,movie,PG,98.0,"Adventure, Comedy, Family, History, Sport","English, German, Russian",USA,7.0,Disney+ Hotstar
134,Coop and Cami Ask the World,series,TV-G,30.0,"Adventure, Comedy, Family",English,USA,5.7,Disney+ Hotstar
136,Corn Chips,movie,Approved,7.0,"Family, Animation, Comedy",English,USA,7.4,Disney+ Hotstar
137,Cow Belles,movie,TV-G,90.0,"Comedy, Family, Romance",English,USA,5.2,Disney+ Hotstar
138,Crash & Bernstein,series,Not Rated,30.0,"Comedy, Family",English,USA,4.8,Disney+ Hotstar
139,Dadnapped,movie,TV-G,84.0,"Action, Adventure, Comedy, Crime, Family",English,USA,4.9,Disney+ Hotstar
140,Darby O'Gill and the Little People,movie,Approved,93.0,"Adventure, Family, Fantasy, Romance","English, Irish",USA,7.2,Disney+ Hotstar
141,Darkwing Duck,series,TV-Y7,30.0,"Animation, Action, Adventure, Comedy, Family, Mystery, Sci-Fi",English,USA,7.6,Disney+ Hotstar
142,Davy Crockett and the River Pirates,movie,Approved,81.0,"Adventure, Comedy, Drama, Family, Western",English,USA,6.8,Disney+ Hotstar
143,Davy Crockett: King of the Wild Frontier,movie,Approved,93.0,"Adventure, Drama, Family, Western","English, Spanish",USA,7.0,Disney+ Hotstar
144,Day & Night,movie,G,6.0,"Animation, Short, Comedy, Family, Fantasy",English,USA,8.1,Disney+ Hotstar
145,Decorating Disney: Holiday Magic,movie,Not Rated,42.0,Reality-TV,English,USA,7.0,Disney+ Hotstar
146,Deep Blue,movie,G,83.0,Documentary,English,"UK, Germany",7.4,Disney+ Hotstar
147,Descendants 2,movie,TV-G,111.0,"Action, Adventure, Family, Fantasy, Romance",English,USA,6.5,Disney+ Hotstar
148,Descendants 3,movie,TV-G,106.0,"Adventure, Family, Musical",English,USA,6.7,Disney+ Hotstar
149,Destino,movie,PG,7.0,"Animation, Short",English,"France, USA",7.9,Disney+ Hotstar
150,Diana: In Her Own Words,movie,Not Rated,112.0,"Documentary, Biography",English,UK,7.9,Disney+ Hotstar
151,Diary of a Future President,series,TV-PG,30.0,"Comedy, Family",English,USA,5.5,Disney+ Hotstar
152,Diary of a Wimpy Kid,movie,PG,120.0,"Comedy, Drama, Family","English, German","USA, UK",6.2,Disney+ Hotstar
153,Dinosaur,movie,PG,82.0,"Animation, Adventure, Family, Thriller",English,USA,6.5,Disney+ Hotstar
154,Adventures in Babysitting,movie,TV-G,105.0,"Adventure, Comedy, Family",English,USA,6.0,Disney+ Hotstar
155,Amphibia,series,TV-Y7,23.0,"Animation, Short, Adventure, Comedy, Family, Fantasy",English,USA,7.8,Disney+ Hotstar
156,Avalon High,movie,TV-G,90.0,"Drama, Family, Fantasy",English,USA,5.7,Disney+ Hotstar
157,Bad Hair Day,movie,TV-G,87.0,"Adventure, Comedy, Family",English,Canada,6.0,Disney+ Hotstar
158,Big Hero 6: The Series,series,TV-Y7,21.0,"Animation, Action, Adventure, Comedy, Family, Sci-Fi",English,USA,7.1,Disney+ Hotstar
159,Bizaardvark,series,TV-G,30.0,"Comedy, Family",English,USA,3.5,Disney+ Hotstar
160,Den Brother,movie,Not Rated,89.0,"Family, Romance, Sport",English,USA,5.4,Disney+ Hotstar
161,Descendants,movie,TV-G,112.0,"Comedy, Family, Fantasy, Musical",English,USA,6.4,Disney+ Hotstar
162,Descendants: Wicked World,series,Not Rated,2.0,"Animation, Comedy, Fantasy",English,USA,6.7,Disney+ Hotstar
164,The Evermoor Chronicles,series,Not Rated,30.0,"Adventure, Family, Fantasy",English,USA,6.1,Disney+ Hotstar
165,Family Sundays,series,Not Rated,81.0,"Family, Reality-TV",English,USA,6.1,Disney+ Hotstar
166,Fancy Nancy,series,TV-Y,22.0,"Animation, Short, Adventure, Family, Musical",English,"USA, Canada",5.4,Disney+ Hotstar
167,Fast Layne,series,Not Rated,30.0,Comedy,English,USA,5.5,Disney+ Hotstar
169,Girl Vs. Monster,movie,TV-PG,89.0,"Action, Adventure, Comedy, Family, Fantasy, Sci-Fi",English,"USA, Canada",5.5,Disney+ Hotstar
170,Gravity Falls,series,TV-Y7,23.0,"Animation, Action, Adventure, Comedy, Family, Fantasy, Mystery, Sci-Fi",English,USA,8.9,Disney+ Hotstar
172,I Didn't Do It,series,TV-G,22.0,"Comedy, Drama, Family",English,USA,6.0,Disney+ Hotstar
173,Insider,series,Not Rated,81.0,Documentary,English,USA,7.6,Disney+ Hotstar
174,Jake and the Never Land Pirates,series,TV-Y,15.0,"Animation, Adventure, Family, Fantasy",English,USA,5.6,Disney+ Hotstar
175,Jonas,series,Not Rated,25.0,"Comedy, Family, Music",English,USA,4.6,Disney+ Hotstar
176,Disney Junior Music Nursery Rhymes,series,Not Rated,81.0,Not Available,English,USA,6.7,Disney+ Hotstar
177,K.C. Undercover,series,TV-Y7,30.0,"Action, Comedy, Family",English,USA,6.1,Disney+ Hotstar
179,Lab Rats: Elite Force,series,TV-Y7,30.0,"Adventure, Comedy, Family, Sci-Fi",English,USA,6.4,Disney+ Hotstar
180,Legend of the Three Caballeros,series,TV-G,81.0,"Animation, Adventure, Comedy, Family, Fantasy",English,USA,7.8,Disney+ Hotstar
182,Mickey Mouse Clubhouse,series,TV-Y,30.0,"Animation, Comedy, Family, Fantasy, Musical",English,USA,5.7,Disney+ Hotstar
183,Milo Murphy's Law,series,TV-Y7,12.0,"Animation, Short, Action, Adventure, Comedy, Family, Fantasy",English,USA,7.5,Disney+ Hotstar
184,Minnie's Bow-Toons,series,Not Rated,81.0,Animation,English,USA,6.5,Disney+ Hotstar
185,Phineas and Ferb: Star Wars,episode,TV-G,51.0,"Animation, Action, Comedy, Family, Musical, Sci-Fi","English, Brazilian Sign Language",USA,8.2,Disney+ Hotstar
188,Randy Cunningham: 9th Grade Ninja,series,TV-G,15.0,"Animation, Short, Action, Adventure, Comedy, Family, Fantasy, Sci-Fi",English,"UK, USA, Ireland",6.7,Disney+ Hotstar
189,Raven's Home,series,TV-G,22.0,"Comedy, Family",English,USA,7.4,Disney+ Hotstar
190,Star vs. the Forces of Evil,series,TV-Y7,22.0,"Animation, Action, Adventure, Comedy, Drama, Family, Fantasy, Sci-Fi, Thriller",English,USA,8.0,Disney+ Hotstar
191,Stuck in the Middle,series,TV-G,30.0,"Comedy, Family",English,USA,5.9,Disney+ Hotstar
192,Sydney to the Max,series,TV-G,22.0,"Comedy, Family",English,USA,6.1,Disney+ Hotstar
193,Take Two with Phineas and Ferb,series,TV-G,2.0,"Animation, Comedy, Family, Talk-Show",English,USA,6.5,Disney+ Hotstar
195,The Lion Guard,series,TV-Y,30.0,"Animation, Action, Adventure, Comedy, Family, Fantasy, Music",English,USA,6.4,Disney+ Hotstar
196,Under the Sea: A Descendants Story,movie,Not Rated,10.0,"Short, Fantasy","English, German",USA,6.1,Disney+ Hotstar
197,Vampirina,series,TV-Y,25.0,"Animation, Short, Comedy, Family, Fantasy, Musical",English,"Ireland, USA",6.8,Disney+ Hotstar
199,Adventures of the Gummi Bears,series,TV-Y,30.0,"Animation, Family, Fantasy",English,USA,7.5,Disney+ Hotstar
200,Disney's Doug,series,Not Rated,30.0,"Animation, Comedy, Drama",English,USA,6.2,Disney+ Hotstar
201,DuckTales,series,TV-G,23.0,"Animation, Adventure, Comedy, Family",English,USA,8.1,Disney+ Hotstar
203,Holiday Magic,episode,Not Rated,63.0,Not Available,English,USA,6.7,Disney+ Hotstar
204,Hercules,series,TV-Y,30.0,"Animation, Action, Adventure, Comedy, Family, Fantasy",English,USA,6.6,Disney+ Hotstar
205,Kim Possible,series,TV-G,30.0,"Animation, Action, Adventure, Comedy, Family, Mystery, Romance, Sci-Fi",English,"USA, Philippines, South Korea",7.2,Disney+ Hotstar
206,Little Einsteins,series,TV-Y,30.0,"Animation, Adventure, Comedy, Family",English,USA,6.2,Disney+ Hotstar
207,Mighty Ducks,series,TV-Y7,30.0,"Animation, Action, Comedy, Family, Sci-Fi, Sport",English,USA,6.5,Disney+ Hotstar
208,Recess,series,TV-Y,23.0,"Animation, Adventure, Comedy, Family",English,USA,7.8,Disney+ Hotstar
209,The Emperor's New School,series,TV-G,30.0,"Animation, Short, Adventure, Comedy, Family, Fantasy",English,USA,6.6,Disney+ Hotstar
210,The Kid,movie,PG,104.0,"Comedy, Family, Fantasy",English,USA,6.1,Disney+ Hotstar
211,The Little Mermaid,series,TV-Y,25.0,"Animation, Adventure, Drama, Family, Fantasy",English,USA,6.8,Disney+ Hotstar
212,Disneyland Around the Seasons,episode,Not Rated,1.0,"Action, Adventure, Biography, Drama, Family",English,USA,6.7,Disney+ Hotstar
213,African Cats,movie,G,89.0,"Documentary, Adventure",English,USA,7.6,Disney+ Hotstar
214,Bears,movie,G,78.0,"Documentary, Family",English,USA,7.4,Disney+ Hotstar
215,Born in China,movie,G,79.0,Documentary,"English, Chinese","UK, China, USA",7.2,Disney+ Hotstar
216,Chimpanzee,movie,G,78.0,"Documentary, Family",English,"Tanzania, USA",7.2,Disney+ Hotstar
217,The Crimson Wing: Mystery of the Flamingos,movie,G,78.0,Documentary,English,"USA, UK",7.3,Disney+ Hotstar
218,Monkey Kingdom,movie,G,81.0,Documentary,English,USA,7.3,Disney+ Hotstar
219,Penguins,movie,G,76.0,"Documentary, Family",English,USA,6.9,Disney+ Hotstar
220,Disneynature: Wings of Life,movie,G,81.0,"Documentary, Family, News",English,"USA, Panama, Mexico",7.4,Disney+ Hotstar
221,Diving with Dolphins,movie,Not Rated,79.0,Documentary,English,USA,7.4,Disney+ Hotstar
222,Doc McStuffins,series,G,11.0,"Animation, Short, Family, Fantasy, Music, Musical",English,"USA, Ireland",6.8,Disney+ Hotstar
223,Doctor Dolittle,movie,PG-13,85.0,"Comedy, Family, Fantasy",English,USA,5.4,Disney+ Hotstar
224,Dr. Dolittle 2,movie,PG,87.0,"Comedy, Family, Fantasy",English,USA,4.7,Disney+ Hotstar
225,Dog Whisperer with Cesar Millan,series,TV-G,110.0,"Family, Reality-TV",English,USA,8.0,Disney+ Hotstar
226,Dog: Impossible,series,Not Rated,81.0,Reality-TV,English,USA,6.7,Disney+ Hotstar
227,Dolphin Reef,movie,G,77.0,"Documentary, Family",English,USA,7.6,Disney+ Hotstar
228,Don's Fountain of Youth,movie,Approved,6.0,"Animation, Short, Comedy",English,USA,7.4,Disney+ Hotstar
229,Don't Look Under the Bed,movie,TV-PG,100.0,"Family, Fantasy",English,USA,6.9,Disney+ Hotstar
230,Donald's Dog Laundry,movie,Not Rated,8.0,"Animation, Short, Comedy, Family",English,USA,7.0,Disney+ Hotstar
231,Donald's Golf Game,movie,Not Rated,8.0,"Animation, Short, Comedy, Family, Sport",English,USA,6.8,Disney+ Hotstar
232,Donald's Tire Trouble,movie,Not Rated,7.0,"Family, Comedy, Animation, Short",English,USA,7.0,Disney+ Hotstar
233,Double Dribble,movie,Not Rated,7.0,"Animation, Short, Comedy",English,USA,6.9,Disney+ Hotstar
234,Double Teamed,movie,TV-G,120.0,"Biography, Drama, Family, Sport",English,USA,6.1,Disney+ Hotstar
235,Doug's 1st Movie,movie,G,77.0,"Animation, Adventure, Comedy, Drama, Family, Fantasy, Sci-Fi",English,USA,5.0,Disney+ Hotstar
236,"Dr. Oakley, Yukon Vet",series,Not Rated,81.0,Reality-TV,English,USA,8.1,Disney+ Hotstar
237,"Dr. T, Lone Star Vet",series,Not Rated,81.0,Reality-TV,English,USA,8.9,Disney+ Hotstar
238,Dragon Around,movie,Not Rated,7.0,"Family, Comedy, Animation",English,USA,7.2,Disney+ Hotstar
239,Drain Alcatraz,movie,Not Rated,45.0,Documentary,English,USA,5.4,Disney+ Hotstar
240,Drain the Bermuda Triangle,movie,Not Rated,44.0,Documentary,English,USA,6.0,Disney+ Hotstar
241,Drain the Great Lakes,movie,TV-G,47.0,Documentary,English,"UK, Canada, USA",7.5,Disney+ Hotstar
242,Drain the Ocean: WWII,movie,TV-PG,44.0,History,English,USA,7.2,Disney+ Hotstar
243,Drain the Oceans,series,TV-PG,47.0,"Documentary, History, Mystery",English,"UK, Australia",7.6,Disney+ Hotstar
244,Drain the Sunken Pirate City,movie,Not Rated,47.0,Not Available,English,UK,6.2,Disney+ Hotstar
245,Drain the Titanic,movie,Not Rated,46.0,Documentary,English,"UK, Canada, USA",5.7,Disney+ Hotstar
246,DuckTales,series,TV-Y,21.0,"Animation, Action, Adventure, Comedy, Family, Fantasy, Mystery, Sci-Fi",English,USA,8.2,Disney+ Hotstar
247,DuckTales the Movie: Treasure of the Lost Lamp,movie,G,74.0,"Animation, Adventure, Comedy, Family, Fantasy",English,"France, USA",6.9,Disney+ Hotstar
248,Dug's Special Mission,movie,TV-PG,5.0,"Animation, Short, Comedy, Family",English,USA,7.0,Disney+ Hotstar
249,Dumbo,movie,PG,112.0,"Adventure, Family, Fantasy","English, French","USA, UK, Australia, Canada",6.3,Disney+ Hotstar
251,Earth Live,movie,Not Rated,81.0,Documentary,English,USA,5.6,Disney+ Hotstar
252,Easter Island Underworld,episode,Not Rated,120.0,Documentary,English,USA,7.4,Disney+ Hotstar
253,Eddie's Million Dollar Cook-Off,movie,TV-G,110.0,"Comedy, Family, Sport",English,USA,6.0,Disney+ Hotstar
254,Eight Below,movie,PG,120.0,"Adventure, Drama, Family",English,USA,7.3,Disney+ Hotstar
255,Elena of Avalor,series,TV-Y,24.0,"Animation, Action, Adventure, Family, Fantasy, Musical",English,USA,6.4,Disney+ Hotstar
257,Elephant,movie,Not Rated,81.0,"Documentary, Adventure, Biography, Family",English,USA,4.7,Disney+ Hotstar
258,Elmer Elephant,movie,Approved,9.0,"Family, Animation, Short, Comedy",English,USA,7.0,Disney+ Hotstar
259,Emil and the Detectives,movie,PG,99.0,"Comedy, Family, Drama, Crime",English,USA,6.2,Disney+ Hotstar
260,Empire of Dreams: The Story of the 'Star Wars' Trilogy,movie,Not Rated,151.0,"Documentary, History, Sci-Fi",English,USA,8.3,Disney+ Hotstar
261,Encore!,series,TV-PG,81.0,"Musical, Reality-TV",English,USA,7.2,Disney+ Hotstar
262,Escape to Witch Mountain,movie,G,97.0,"Adventure, Family, Fantasy, Mystery, Sci-Fi",English,USA,6.4,Disney+ Hotstar
263,Even Stevens,series,TV-G,30.0,"Comedy, Family",English,USA,7.6,Disney+ Hotstar
264,Expedition Amelia,movie,Not Rated,81.0,Not Available,English,USA,6.9,Disney+ Hotstar
265,Expedition Mars,movie,Not Rated,88.0,Documentary,English,USA,8.1,Disney+ Hotstar
266,Disney's Fairy Tale Weddings,series,Not Rated,63.0,Reality-TV,English,USA,7.2,Disney+ Hotstar
267,Fantasia,movie,G,125.0,"Animation, Family, Fantasy, Music",English,USA,7.8,Disney+ Hotstar
268,Fantasia 2000,movie,G,75.0,"Animation, Comedy, Family, Fantasy, Music",English,USA,7.2,Disney+ Hotstar
269,Fantastic Four: The Animated Series,series,Not Rated,22.0,"Animation, Action, Sci-Fi",English,USA,6.4,Disney+ Hotstar
270,Fantastic Four: World's Greatest Heroes,series,Not Rated,30.0,"Animation, Action, Family, Sci-Fi",English,USA,6.8,Disney+ Hotstar
271,Ferdinand the Bull,movie,Approved,8.0,"Animation, Short, Comedy, Family",English,USA,7.2,Disney+ Hotstar
272,Finding Dory,movie,PG,97.0,"Animation, Adventure, Comedy, Family","English, Indonesian",USA,7.3,Disney+ Hotstar
273,Finding Nemo,movie,G,100.0,"Animation, Adventure, Comedy, Family",English,"USA, Australia",8.1,Disney+ Hotstar
275,First Kid,movie,PG,101.0,"Family, Comedy",English,USA,5.2,Disney+ Hotstar
276,Fish Hooks,series,TV-G,22.0,"Animation, Adventure, Comedy, Family",English,USA,4.6,Disney+ Hotstar
277,Flight of the Navigator,movie,PG,90.0,"Adventure, Comedy, Family, Sci-Fi",English,USA,6.9,Disney+ Hotstar
278,Float,movie,PG,7.0,"Animation, Short, Family, Fantasy",English,USA,7.4,Disney+ Hotstar
279,Flowers and Trees,movie,Approved,8.0,"Animation, Short, Comedy",English,USA,7.5,Disney+ Hotstar
280,Flubber,movie,PG,93.0,"Comedy, Family, Sci-Fi",English,USA,5.3,Disney+ Hotstar
282,For the Birds,movie,G,3.0,"Animation, Short, Comedy, Family",None,USA,8.0,Disney+ Hotstar
288,What is Cheese?,episode,Not Rated,3.0,"Animation, Comedy, Family",English,USA,7.8,Disney+ Hotstar
291,What is Reading?,episode,Not Rated,3.0,"Animation, Comedy, Family",English,USA,8.1,Disney+ Hotstar
293,Frank and Ollie,movie,PG,89.0,Documentary,English,USA,7.8,Disney+ Hotstar
294,Frankenweenie,movie,PG,87.0,"Animation, Comedy, Family, Horror, Sci-Fi",English,USA,6.9,Disney+ Hotstar
295,Frankenweenie,movie,PG,29.0,"Short, Comedy, Drama, Sci-Fi",English,USA,7.3,Disney+ Hotstar
296,Freaky Friday,movie,G,95.0,"Comedy, Family, Fantasy",English,USA,6.3,Disney+ Hotstar
297,Freaky Friday,movie,PG,97.0,"Comedy, Family, Fantasy, Music, Romance","English, Mandarin",USA,6.1,Disney+ Hotstar
298,Freaky Friday,movie,TV-G,90.0,"Comedy, Fantasy, Musical",English,USA,3.7,Disney+ Hotstar
299,Free Solo,movie,PG-13,100.0,"Documentary, Adventure, Sport",English,USA,8.2,Disney+ Hotstar
300,Frenemies,movie,TV-G,87.0,"Comedy, Drama, Family",English,USA,5.0,Disney+ Hotstar
301,Frozen,movie,PG,102.0,"Animation, Adventure, Comedy, Family, Fantasy, Musical","English, Norwegian",USA,7.5,Disney+ Hotstar
302,Frozen II,movie,PG,103.0,"Animation, Adventure, Comedy, Family, Fantasy, Musical",English,USA,7.0,Disney+ Hotstar
303,Full-Court Miracle,movie,TV-G,90.0,"Drama, Family, Sport",English,USA,5.7,Disney+ Hotstar
304,Fun and Fancy Free,movie,Approved,73.0,"Animation, Adventure, Comedy, Family, Fantasy, Musical, Romance",English,USA,6.6,Disney+ Hotstar
305,Fuzzbucket,movie,Not Rated,46.0,"Adventure, Comedy, Family",English,USA,7.6,Disney+ Hotstar
306,G-Force,movie,PG,88.0,"Action, Adventure, Comedy, Family, Fantasy, Sci-Fi","Spanish, English",USA,5.1,Disney+ Hotstar
307,Gargoyles,series,TV-PG,30.0,"Animation, Action, Adventure, Comedy, Crime, Drama, Family, Fantasy, Mystery, Romance, Thriller",English,USA,8.1,Disney+ Hotstar
308,Geek Charming,movie,TV-G,94.0,"Comedy, Drama, Family, Romance",English,USA,6.4,Disney+ Hotstar
309,Genius,movie,TV-G,82.0,"Comedy, Family, Romance, Sci-Fi",English,USA,6.3,Disney+ Hotstar
311,George of the Jungle,movie,PG,92.0,"Action, Adventure, Comedy, Family, Romance","English, Spanish",USA,5.4,Disney+ Hotstar
312,George of the Jungle 2,movie,PG,87.0,"Adventure, Comedy, Family",English,"USA, Australia",3.3,Disney+ Hotstar
313,Geri's Game,movie,Not Rated,4.0,"Animation, Short, Family",None,USA,7.9,Disney+ Hotstar
314,Get a Clue,movie,TV-G,83.0,"Comedy, Crime, Family, Mystery",English,USA,5.1,Disney+ Hotstar
316,Girl Meets World,series,TV-G,23.0,"Comedy, Drama, Family",English,USA,7.2,Disney+ Hotstar
317,Glory Road,movie,PG,118.0,"Biography, Drama, Sport",English,USA,7.2,Disney+ Hotstar
318,Go Figure,movie,TV-G,88.0,"Comedy, Drama, Family, Sport",English,USA,5.7,Disney+ Hotstar
319,Going to the Mat,movie,G,120.0,"Drama, Family, Sport",English,USA,6.8,Disney+ Hotstar
320,Good Luck Charlie,series,TV-G,22.0,"Comedy, Drama, Family",English,USA,7.0,Disney+ Hotstar
321,"Good Luck Charlie, It's Christmas!",movie,TV-G,90.0,"Comedy, Drama, Family","English, Korean",USA,6.4,Disney+ Hotstar
322,Goof Troop,series,TV-Y,30.0,"Animation, Adventure, Comedy, Family, Music",English,USA,6.8,Disney+ Hotstar
323,Gordon Ramsay: Uncharted,series,Not Rated,60.0,"Adventure, Reality-TV",English,USA,7.9,Disney+ Hotstar
324,Gotta Kick It Up!,movie,TV-G,78.0,"Comedy, Drama, Family",English,USA,5.8,Disney+ Hotstar
326,The Grasshopper and the Ants,movie,Approved,8.0,"Family, Comedy, Animation, Musical, Short",English,USA,7.3,Disney+ Hotstar
327,Great Migrations,series,TV-PG,45.0,Documentary,English,USA,8.1,Disney+ Hotstar
328,Greyfriars Bobby: The True Story of a Dog,movie,Approved,87.0,"Drama, Family",English,USA,7.3,Disney+ Hotstar
329,Gus,movie,G,96.0,"Comedy, Family, Sport",English,USA,5.9,Disney+ Hotstar
330,Hacksaw,movie,TV-PG,89.0,Family,English,USA,6.2,Disney+ Hotstar
331,Halloweentown,movie,TV-G,84.0,"Adventure, Comedy, Family, Fantasy",English,USA,6.8,Disney+ Hotstar
332,Halloweentown High,movie,TV-G,82.0,"Comedy, Family, Fantasy",English,USA,6.2,Disney+ Hotstar
333,Halloweentown II: Kalabar's Revenge,movie,TV-PG,81.0,"Adventure, Family, Fantasy",English,USA,6.5,Disney+ Hotstar
334,Handy Manny,series,TV-Y,24.0,"Animation, Family","English, Spanish","USA, Canada",5.6,Disney+ Hotstar
335,Hannah Montana,series,TV-G,23.0,"Comedy, Family, Music",English,USA,5.0,Disney+ Hotstar
336,Hannah Montana and Miley Cyrus: Best of Both Worlds Concert,movie,G,74.0,"Documentary, Music",English,USA,2.3,Disney+ Hotstar
337,Hannah Montana: The Movie,movie,G,102.0,"Comedy, Drama, Family, Music, Romance",English,USA,4.4,Disney+ Hotstar
339,Hatching Pete,movie,TV-G,90.0,"Comedy, Family",English,USA,5.4,Disney+ Hotstar
340,Hawaiian Holiday,movie,Passed,8.0,"Animation, Short, Comedy, Family, Sport",English,USA,7.2,Disney+ Hotstar
341,Heavyweights,movie,PG,100.0,"Comedy, Drama, Family, Sport",English,USA,6.6,Disney+ Hotstar
342,Henry Hugglemonster,series,TV-Y,22.0,"Animation, Fantasy","English, Korean","Ireland, UK, USA, South Korea, Canada",5.1,Disney+ Hotstar
343,Herbie Goes Bananas,movie,G,100.0,"Adventure, Comedy, Family, Fantasy","English, Spanish",USA,5.0,Disney+ Hotstar
344,Herbie Goes to Monte Carlo,movie,G,105.0,"Action, Adventure, Comedy, Crime, Family, Romance, Sport","English, French",USA,5.7,Disney+ Hotstar
345,Herbie Rides Again,movie,G,88.0,"Comedy, Family, Fantasy, Romance",English,USA,5.7,Disney+ Hotstar
346,Herbie Fully Loaded,movie,G,101.0,"Adventure, Comedy, Family, Fantasy, Romance, Sport",English,USA,4.8,Disney+ Hotstar
347,Hercules,movie,G,93.0,"Animation, Adventure, Comedy, Family, Fantasy, Musical, Romance","English, Spanish, Greek","USA, France",7.3,Disney+ Hotstar
348,High School Musical,movie,TV-G,98.0,"Comedy, Drama, Family, Music, Musical, Romance","English, Spanish",USA,5.4,Disney+ Hotstar
349,High School Musical 2,movie,TV-G,104.0,"Comedy, Drama, Family, Music, Musical, Romance",English,USA,5.0,Disney+ Hotstar
350,High School Musical 3,movie,G,112.0,"Comedy, Drama, Family, Music, Musical, Romance",English,USA,4.8,Disney+ Hotstar
351,High School Musical: The Musical - The Series,series,TV-PG,31.0,"Comedy, Musical",English,USA,7.3,Disney+ Hotstar
353,High School Musical: The Musical: The Series: The Special,movie,TV-G,23.0,Documentary,English,USA,7.8,Disney+ Hotstar
354,Hocus Pocus,movie,PG,96.0,"Comedy, Family, Fantasy","English, French",USA,6.9,Disney+ Hotstar
355,Holes,movie,PG,117.0,"Adventure, Comedy, Drama, Family, Mystery",English,USA,7.0,Disney+ Hotstar
356,Home Alone 3,movie,PG,102.0,"Comedy, Crime, Family","English, Polish",USA,4.5,Disney+ Hotstar
357,Home on the Range,movie,PG,76.0,"Animation, Adventure, Comedy, Family, Music, Western","English, Mandarin",USA,5.3,Disney+ Hotstar
358,Homeward Bound II: Lost in San Francisco,movie,G,88.0,"Adventure, Comedy, Family, Romance",English,USA,5.9,Disney+ Hotstar
359,Homeward Bound: The Incredible Journey,movie,G,84.0,"Adventure, Comedy, Drama, Family",English,USA,6.9,Disney+ Hotstar
360,"Honey, I Blew Up the Kid",movie,PG,89.0,"Adventure, Comedy, Family, Romance, Sci-Fi",English,USA,4.8,Disney+ Hotstar
361,"Honey, I Shrunk the Kids",movie,PG,93.0,"Adventure, Comedy, Family, Sci-Fi",English,"USA, Mexico",6.3,Disney+ Hotstar
362,"Honey, We Shrunk Ourselves!",movie,PG,74.0,"Action, Adventure, Comedy, Family, Sci-Fi",English,USA,5.0,Disney+ Hotstar
363,Horse Sense,movie,TV-G,92.0,"Drama, Family",English,USA,6.2,Disney+ Hotstar
364,Hostile Planet,series,Not Rated,47.0,Documentary,English,USA,8.2,Disney+ Hotstar
365,Hounded,movie,TV-G,91.0,"Comedy, Drama, Family",English,USA,5.1,Disney+ Hotstar
366,How Dogs Got Their Shapes,movie,Not Rated,81.0,Documentary,English,USA,6.8,Disney+ Hotstar
367,How to Build a Better Boy,movie,TV-G,90.0,"Comedy, Family, Sci-Fi","English, French",USA,5.5,Disney+ Hotstar
368,How to Fish,movie,Not Rated,7.0,"Comedy, Family, Animation",English,USA,7.0,Disney+ Hotstar
369,How to Play Baseball,movie,Not Rated,8.0,"Animation, Short, Comedy",English,USA,7.3,Disney+ Hotstar
370,How to Play Football,movie,Approved,7.0,"Animation, Short, Comedy, Family, Sport",English,USA,7.2,Disney+ Hotstar
371,How to Swim,movie,Not Rated,8.0,"Animation, Short, Comedy",English,USA,7.1,Disney+ Hotstar
372,Hulk and the Agents of S.M.A.S.H.,series,TV-Y7,23.0,"Animation, Action, Adventure, Comedy, Sci-Fi",English,USA,6.1,Disney+ Hotstar
373,I'll Be Home for Christmas,movie,PG,86.0,"Comedy, Family",English,"USA, Canada",5.5,Disney+ Hotstar
374,Ice Age,movie,PG,81.0,"Animation, Adventure, Comedy, Family, Fantasy",English,USA,7.5,Disney+ Hotstar
375,Ice Age: The Great Egg-Scapade,movie,TV-PG,25.0,"Animation, Short, Adventure, Comedy, Family",English,USA,5.9,Disney+ Hotstar
376,Ice Princess,movie,G,98.0,"Comedy, Drama, Family, Sport",English,"USA, Canada",6.0,Disney+ Hotstar
377,Imagination Movers,series,Not Rated,30.0,Family,English,USA,7.0,Disney+ Hotstar
379,In the Footsteps of Elephant,movie,G,85.0,"Documentary, Adventure, Family",English,USA,8.1,Disney+ Hotstar
380,Incredible! The Story of Dr. Pol,episode,Not Rated,44.0,"Documentary, Reality-TV",English,USA,6.7,Disney+ Hotstar
382,Inside Out,movie,PG,95.0,"Animation, Adventure, Comedy, Drama, Family, Fantasy",English,USA,8.2,Disney+ Hotstar
383,Inspector Gadget,movie,PG,78.0,"Action, Adventure, Comedy, Crime, Family, Sci-Fi","English, Norwegian, French, Spanish",USA,4.1,Disney+ Hotstar
384,Inspector Gadget 2,movie,G,89.0,"Action, Comedy, Crime, Family, Sci-Fi",English,USA,3.4,Disney+ Hotstar
385,Into the Canyon,movie,Not Rated,84.0,Documentary,English,USA,7.7,Disney+ Hotstar
386,Into the Okavango,movie,Not Rated,88.0,Documentary,English,"USA, Angola, Botswana, Namibia, South Africa",7.6,Disney+ Hotstar
387,Invincible,movie,PG,105.0,"Biography, Drama, Sport",English,USA,7.1,Disney+ Hotstar
388,Invisible Sister,movie,TV-G,80.0,"Adventure, Comedy, Family, Fantasy",English,USA,6.1,Disney+ Hotstar
389,Iron Man,series,TV-Y7,30.0,"Animation, Action, Adventure, Sci-Fi",English,USA,6.7,Disney+ Hotstar
390,Iron Man: Armored Adventures,series,TV-Y7,22.0,"Animation, Action, Adventure, Family, Fantasy, Sci-Fi",English,"Canada, USA, UK, France",6.5,Disney+ Hotstar
391,Iron Will,movie,PG,108.0,"Adventure, Family",English,USA,6.6,Disney+ Hotstar
393,Jack,movie,PG-13,113.0,"Comedy, Drama, Fantasy","English, Spanish",USA,5.8,Disney+ Hotstar
394,Jack-Jack Attack,movie,Not Rated,5.0,"Animation, Short, Adventure, Comedy, Family",English,USA,7.6,Disney+ Hotstar
395,James and the Giant Peach,movie,PG,79.0,"Animation, Adventure, Family, Fantasy, Musical",English,"UK, USA",6.7,Disney+ Hotstar
396,Jane,movie,PG,90.0,"Documentary, Biography",English,USA,7.8,Disney+ Hotstar
398,Jessie,series,TV-G,30.0,"Comedy, Family",English,USA,5.9,Disney+ Hotstar
399,Episode #2.7,episode,Not Rated,81.0,Documentary,English,USA,6.7,Disney+ Hotstar
400,John Carter,movie,PG-13,132.0,"Action, Adventure, Sci-Fi",English,USA,6.6,Disney+ Hotstar
401,Johnny Kapahala: Back on Board,movie,Not Rated,90.0,"Comedy, Drama, Family, Sport",English,USA,5.5,Disney+ Hotstar
402,Johnny Tsunami,movie,TV-G,88.0,"Drama, Family, Sport",English,USA,6.3,Disney+ Hotstar
403,Jonas Brothers: The 3D Concert Experience,movie,G,76.0,"Documentary, Music",English,USA,1.5,Disney+ Hotstar
404,Nature Untamed,series,Not Rated,81.0,Documentary,English,USA,6.7,Disney+ Hotstar
405,Journey to the Center of the Earth,movie,Approved,129.0,"Adventure, Family, Fantasy, Romance, Sci-Fi","English, Swedish, French, Italian, Russian",USA,7.0,Disney+ Hotstar
406,Jump In!,movie,TV-G,85.0,"Comedy, Drama, Family, Romance, Sport",English,USA,5.3,Disney+ Hotstar
407,Jumping Ship,movie,TV-G,93.0,"Family, Adventure, Comedy, Drama",English,"Australia, USA",6.2,Disney+ Hotstar
408,Jungle 2 Jungle,movie,PG,105.0,"Comedy, Family",English,"USA, France",5.2,Disney+ Hotstar
409,Jungle Cat,movie,Approved,69.0,"Documentary, Family",English,USA,7.4,Disney+ Hotstar
410,Justin Morgan Had a Horse,movie,TV-G,91.0,"Family, Drama, Western",English,USA,6.5,Disney+ Hotstar
411,Kazaam,movie,PG,93.0,"Comedy, Family, Fantasy, Musical",English,USA,3.0,Disney+ Hotstar
412,Kickin' It,series,TV-Y7,22.0,"Action, Comedy, Family",English,USA,6.3,Disney+ Hotstar
413,Kim Possible,movie,TV-G,86.0,"Action, Adventure, Comedy",English,USA,3.6,Disney+ Hotstar
414,Kim Possible: So the Drama,movie,TV-G,71.0,"Animation, Action, Adventure, Comedy, Family, Fantasy, Sci-Fi",English,USA,7.1,Disney+ Hotstar
416,Kingdom of the Blue Whale,movie,Not Rated,81.0,Documentary,English,USA,7.3,Disney+ Hotstar
417,Kingdom of the White Wolf,series,Not Rated,81.0,Documentary,English,USA,8.2,Disney+ Hotstar
418,Kitbull,movie,PG,9.0,"Animation, Short, Drama, Family",English,USA,8.0,Disney+ Hotstar
420,Kronk's New Groove,movie,G,75.0,"Animation, Comedy, Family, Musical, Romance",English,USA,5.8,Disney+ Hotstar
421,La Luna,movie,G,7.0,"Animation, Short, Family, Fantasy",None,USA,8.0,Disney+ Hotstar
422,Lab Rats,series,TV-Y7,22.0,"Action, Comedy, Family, Sci-Fi",English,USA,6.6,Disney+ Hotstar
423,Lady and the Tramp,movie,PG,103.0,"Adventure, Comedy, Drama, Family, Musical, Romance",English,USA,6.3,Disney+ Hotstar
424,Lady and the Tramp,movie,G,76.0,"Animation, Adventure, Comedy, Drama, Family, Romance",English,USA,7.3,Disney+ Hotstar
425,Lady and the Tramp 2: Scamp's Adventure,movie,G,69.0,"Animation, Adventure, Family, Musical, Romance",English,"USA, Australia",5.9,Disney+ Hotstar
426,Lambert the Sheepish Lion,movie,Approved,8.0,"Animation, Short, Comedy, Family",English,USA,7.7,Disney+ Hotstar
427,Lamp Life,movie,Not Rated,7.0,"Animation, Short, Family, Fantasy",English,USA,6.7,Disney+ Hotstar
429,Lego Frozen Northern Lights,series,TV-Y7,81.0,"Animation, Adventure, Comedy, Family, Fantasy",English,USA,5.7,Disney+ Hotstar
430,Lego Star Wars: All-Stars,series,TV-Y7,22.0,"Animation, Action, Adventure, Comedy, Sci-Fi",English,USA,6.5,Disney+ Hotstar
432,Lego Star Wars: Droid Tales,series,Not Rated,23.0,"Animation, Action, Adventure, Comedy, Sci-Fi",English,USA,7.5,Disney+ Hotstar
433,LEGO Star Wars: The Resistance Rises,series,Not Rated,24.0,"Animation, Comedy, Sci-Fi",English,"USA, Denmark",5.6,Disney+ Hotstar
434,Lego Star Wars: The Freemaker Adventures,series,TV-Y7,23.0,"Animation, Action, Comedy, Fantasy, Sci-Fi",English,USA,7.5,Disney+ Hotstar
436,The New Yoda Chronicles: Clash of the Skywalkers,movie,Not Rated,22.0,Animation,English,"Denmark, China",7.4,Disney+ Hotstar
437,The New Yoda Chronicles: Raid on Coruscant,movie,Not Rated,22.0,Animation,English,"Denmark, China",7.5,Disney+ Hotstar
439,The New Yoda Chronicles: Escape from the Jedi Temple,movie,Not Rated,22.0,Animation,English,"Denmark, China",7.5,Disney+ Hotstar
440,Lego Star Wars: The Yoda Chronicles,series,Not Rated,81.0,"Animation, Family, Fantasy, Sci-Fi",English,USA,7.5,Disney+ Hotstar
441,Lemonade Mouth,movie,TV-PG,103.0,"Comedy, Drama, Family, Music, Musical",English,USA,6.9,Disney+ Hotstar
442,Lend a Paw,movie,Approved,8.0,"Animation, Short, Comedy",English,USA,7.1,Disney+ Hotstar
443,Leroy & Stitch,movie,G,73.0,"Animation, Action, Adventure, Comedy, Drama, Family, Sci-Fi",English,USA,6.2,Disney+ Hotstar
444,Let It Shine,movie,TV-G,104.0,"Drama, Family, Music",English,USA,6.4,Disney+ Hotstar
445,Let's Stick Together,movie,Not Rated,7.0,"Family, Animation, Comedy, Short",English,USA,7.0,Disney+ Hotstar
446,Life Below Zero,series,TV-PG,44.0,"Documentary, Adventure, Reality-TV",English,USA,8.0,Disney+ Hotstar
447,Life Is Ruff,movie,TV-G,84.0,"Comedy, Family",English,USA,4.9,Disney+ Hotstar
448,Life with Mikey,movie,PG,91.0,"Comedy, Family",English,USA,5.6,Disney+ Hotstar
449,Life-Size 2,movie,TV-14,81.0,"Comedy, Fantasy",English,USA,4.8,Disney+ Hotstar
450,Lifted,movie,G,5.0,"Animation, Short, Comedy, Family, Sci-Fi",None,USA,7.9,Disney+ Hotstar
451,Lilo & Stitch,movie,PG,85.0,"Animation, Adventure, Comedy, Drama, Family, Fantasy, Sci-Fi","English, Hawaiian",USA,7.2,Disney+ Hotstar
452,Lilo & Stitch: The Series,series,TV-Y,22.0,"Animation, Action, Adventure, Comedy, Family, Sci-Fi",English,USA,6.7,Disney+ Hotstar
453,Lilo & Stitch 2: Stitch Has a Glitch,movie,PG,68.0,"Animation, Comedy, Drama, Family, Sci-Fi","English, French, Spanish",USA,6.3,Disney+ Hotstar
454,Lizzie McGuire,series,TV-G,30.0,"Comedy, Drama, Family",English,USA,6.6,Disney+ Hotstar
455,Lonesome Ghosts,movie,Not Rated,9.0,"Animation, Short, Comedy, Family",English,USA,7.7,Disney+ Hotstar
456,Loop,movie,PG,9.0,"Animation, Short, Adventure, Family, Mystery",English,USA,6.7,Disney+ Hotstar
457,Lost Cities with Albert Lin,series,Not Rated,81.0,"Documentary, History",English,USA,8.7,Disney+ Hotstar
459,Lost Treasures of the Maya,series,Not Rated,81.0,Documentary,English,"USA, Guatemala",6.4,Disney+ Hotstar
460,Lou,movie,G,7.0,"Animation, Short, Comedy, Family, Fantasy",English,USA,7.9,Disney+ Hotstar
462,The Luck of the Irish,movie,TV-G,86.0,"Adventure, Comedy, Drama, Family, Fantasy, Sport",English,USA,6.2,Disney+ Hotstar
464,Playdate with Destiny,movie,G,5.0,"Animation, Short, Comedy, Family, Romance",English,USA,6.7,Disney+ Hotstar
465,Magician Mickey,movie,Approved,8.0,"Family, Animation, Comedy, Short",English,USA,7.3,Disney+ Hotstar
468,Man Among Cheetahs,movie,Not Rated,81.0,Documentary,English,USA,6.5,Disney+ Hotstar
469,Mars Needs Moms,movie,PG,88.0,"Animation, Action, Adventure, Family, Sci-Fi",English,USA,5.4,Disney+ Hotstar
470,MARS: Inside SpaceX,movie,Not Rated,46.0,Documentary,English,USA,7.4,Disney+ Hotstar
471,Marvel 75 Years: From Pulp to Pop!,movie,Not Rated,42.0,"Documentary, History",English,USA,7.4,Disney+ Hotstar
472,Spider-Man: The Animated Series,series,TV-Y,23.0,"Animation, Action, Adventure, Family, Sci-Fi",English,USA,8.3,Disney+ Hotstar
473,The Incredible Hulk,series,TV-Y7,20.0,"Animation, Action, Adventure, Fantasy, Sci-Fi",English,USA,6.8,Disney+ Hotstar
474,X-Men: The Animated Series,series,TV-Y7,23.0,"Animation, Action, Family, Sci-Fi, Thriller",English,"USA, Canada",8.4,Disney+ Hotstar
475,Marvel Rising: Battle of the Bands,movie,Not Rated,22.0,"Animation, Short, Action, Adventure, Family",English,USA,5.0,Disney+ Hotstar
476,Marvel Rising: Chasing Ghosts,movie,Not Rated,22.0,"Animation, Short, Action, Adventure",English,USA,4.6,Disney+ Hotstar
477,Marvel Rising: Heart of Iron,movie,Not Rated,44.0,"Animation, Short, Action, Sci-Fi",English,USA,4.0,Disney+ Hotstar
478,Marvel Rising: Initiation,series,Not Rated,81.0,"Animation, Short, Action, Comedy, Drama, Family",English,USA,4.9,Disney+ Hotstar
479,Marvel Rising: Operation Shuri,movie,TV-Y7-FV,21.0,"Animation, Short, Action, Adventure",English,USA,6.7,Disney+ Hotstar
480,Marvel Rising: Playing with Fire,movie,TV-Y7-FV,44.0,"Animation, Action, Adventure, Sci-Fi",English,USA,5.5,Disney+ Hotstar
481,Marvel Rising: Secret Warriors,movie,Not Rated,80.0,"Animation, Action, Comedy, Fantasy, Sci-Fi",English,USA,5.1,Disney+ Hotstar
482,Marvel Studios: Assembling a Universe,movie,TV-PG,43.0,"Documentary, History",English,USA,7.6,Disney+ Hotstar
484,Ant-Man,movie,PG-13,117.0,"Action, Adventure, Comedy, Sci-Fi",English,USA,7.3,Disney+ Hotstar
485,Avengers: Age of Ultron,movie,PG-13,141.0,"Action, Adventure, Sci-Fi","English, Korean",USA,7.3,Disney+ Hotstar
486,Avengers: Endgame,movie,PG-13,181.0,"Action, Adventure, Drama, Sci-Fi","English, Japanese, Xhosa, German",USA,8.4,Disney+ Hotstar
487,Black Panther,movie,PG-13,134.0,"Action, Adventure, Sci-Fi","English, Swahili, Nama, Xhosa, Korean",USA,7.3,Disney+ Hotstar
488,Captain America: Civil War,movie,PG-13,147.0,"Action, Adventure, Sci-Fi","English, German, Xhosa, Russian, Romanian, Hindi",USA,7.8,Disney+ Hotstar
489,Captain America: The First Avenger,movie,PG-13,124.0,"Action, Adventure, Sci-Fi","English, Norwegian, French",USA,6.9,Disney+ Hotstar
490,Captain America: The Winter Soldier,movie,PG-13,136.0,"Action, Adventure, Sci-Fi, Thriller","English, French",USA,7.7,Disney+ Hotstar
491,Captain Marvel,movie,PG-13,123.0,"Action, Adventure, Sci-Fi",English,"USA, Australia",6.9,Disney+ Hotstar
492,Doctor Strange,movie,PG-13,115.0,"Action, Adventure, Fantasy, Sci-Fi",English,USA,7.5,Disney+ Hotstar
493,Guardians of the Galaxy,movie,PG-13,121.0,"Action, Adventure, Comedy, Sci-Fi",English,USA,8.0,Disney+ Hotstar
494,Guardians of the Galaxy Vol. 2,movie,PG-13,136.0,"Action, Adventure, Comedy, Sci-Fi",English,USA,7.6,Disney+ Hotstar
495,Iron Man,movie,PG-13,126.0,"Action, Adventure, Sci-Fi","Hungarian, Kurdish, Hindi, English, Persian, Urdu, Arabic",USA,7.9,Disney+ Hotstar
496,Iron Man 2,movie,PG-13,124.0,"Action, Adventure, Sci-Fi","English, French, Russian",USA,7.0,Disney+ Hotstar
497,Iron Man 3,movie,PG-13,130.0,"Action, Adventure, Sci-Fi",English,USA,7.2,Disney+ Hotstar
498,The Avengers,movie,PG-13,143.0,"Action, Adventure, Sci-Fi","English, Russian, Hindi",USA,8.0,Disney+ Hotstar
499,Thor,movie,PG-13,115.0,"Action, Adventure, Fantasy",English,USA,7.0,Disney+ Hotstar
500,Thor: Ragnarok,movie,PG-13,130.0,"Action, Adventure, Comedy, Fantasy, Sci-Fi",English,USA,7.9,Disney+ Hotstar
501,Thor: The Dark World,movie,PG-13,112.0,"Action, Adventure, Fantasy",English,USA,6.9,Disney+ Hotstar
502,Marvel Super Hero Adventures,series,Not Rated,4.0,Animation,English,USA,6.1,Disney+ Hotstar
503,Ultimate Spider-Man,series,TV-Y7,23.0,"Animation, Action, Adventure, Comedy, Sci-Fi",English,USA,7.1,Disney+ Hotstar
504,Agent Carter,series,TV-PG,42.0,"Action, Adventure, Sci-Fi",English,USA,7.9,Disney+ Hotstar
505,Ant-Man,series,Not Rated,2.0,"Animation, Action, Adventure, Comedy, Sci-Fi",English,USA,6.7,Disney+ Hotstar
506,Avengers Assemble,series,TV-Y7,23.0,"Animation, Action, Adventure, Sci-Fi",English,USA,7.0,Disney+ Hotstar
508,Marvel Future Avengers,series,TV-PG,81.0,Animation,Japanese,USA,6.0,Disney+ Hotstar
509,Guardians of the Galaxy,series,TV-Y7,22.0,"Animation, Action, Adventure, Comedy, Drama, Family, Sci-Fi",English,USA,7.4,Disney+ Hotstar
511,Marvel's Hero Project,series,TV-G,81.0,Documentary,English,USA,6.2,Disney+ Hotstar
512,Inhumans,series,TV-PG,43.0,"Action, Adventure, Sci-Fi",English,USA,5.0,Disney+ Hotstar
513,Iron Man & Hulk: Heroes United,movie,PG,71.0,"Animation, Action, Adventure, Family, Sci-Fi",English,USA,4.7,Disney+ Hotstar
514,Rocket & Groot,series,Not Rated,81.0,"Animation, Short, Adventure, Sci-Fi",English,USA,7.0,Disney+ Hotstar
515,Runaways,series,TV-14,60.0,"Action, Drama, Sci-Fi",English,USA,7.0,Disney+ Hotstar
516,Spider-Man,series,TV-Y7,21.0,"Animation, Short, Action, Adventure, Family, Sci-Fi",English,USA,6.1,Disney+ Hotstar
519,Mary Poppins,movie,G,139.0,"Comedy, Family, Fantasy, Musical",English,USA,7.8,Disney+ Hotstar
520,Mater and the Ghostlight,movie,G,7.0,"Animation, Short, Comedy, Family, Horror",English,USA,6.6,Disney+ Hotstar
521,Meet the Deedles,movie,PG,93.0,"Comedy, Family",English,USA,4.1,Disney+ Hotstar
522,Meet the Robinsons,movie,G,95.0,"Animation, Adventure, Comedy, Family, Sci-Fi",English,USA,6.8,Disney+ Hotstar
523,Melody Time,movie,Approved,75.0,"Animation, Comedy, Family, Musical",English,USA,6.4,Disney+ Hotstar
525,Mickey Mouse,series,TV-G,4.0,"Animation, Short, Comedy, Family",English,USA,8.1,Disney+ Hotstar
526,The Mickey Mouse Club,series,TV-G,60.0,"Family, Comedy, Drama, Music",English,USA,7.7,Disney+ Hotstar
527,Mickey Mouse Mixed-Up Adventures,series,TV-Y,21.0,"Animation, Short, Adventure, Comedy, Family, Sport",English,USA,6.2,Disney+ Hotstar
528,"Mickey, Donald, Goofy: The Three Musketeers",movie,G,68.0,"Animation, Adventure, Comedy, Family, Musical, Romance",English,USA,6.4,Disney+ Hotstar
529,Mickey's Birthday Party,movie,Approved,8.0,"Animation, Short, Comedy, Family",English,USA,6.6,Disney+ Hotstar
530,Mickey's Christmas Carol,movie,G,26.0,"Animation, Short, Comedy, Family, Fantasy",English,USA,8.1,Disney+ Hotstar
532,Mickey's Once Upon a Christmas,movie,Not Rated,66.0,"Animation, Comedy, Family, Fantasy",English,USA,7.2,Disney+ Hotstar
533,Mickey's Rival,movie,Approved,8.0,"Animation, Short, Comedy, Family, Romance",English,USA,6.9,Disney+ Hotstar
534,Mickey's Trailer,movie,Not Rated,8.0,"Animation, Short, Adventure, Comedy, Family",English,USA,7.9,Disney+ Hotstar
535,Mickey's Twice Upon a Christmas,movie,G,68.0,"Animation, Comedy, Family, Fantasy",English,USA,6.5,Disney+ Hotstar
536,Mighty Joe Young,movie,PG,114.0,"Action, Adventure, Family, Fantasy, Thriller","English, Swahili",USA,5.6,Disney+ Hotstar
537,Mike's New Car,movie,Not Rated,4.0,"Animation, Short, Comedy, Family, Fantasy",English,USA,7.1,Disney+ Hotstar
538,Mission Force One,series,Not Rated,30.0,"Animation, Adventure, Family, Sci-Fi",English,USA,6.7,Disney+ Hotstar
539,Millions,movie,PG-13,98.0,"Comedy, Crime, Drama, Family",English,UK,6.9,Disney+ Hotstar
540,Minutemen,movie,TV-G,98.0,"Adventure, Comedy, Family, Sci-Fi",English,USA,5.8,Disney+ Hotstar
541,Miracle,movie,PG,135.0,"Biography, Drama, History, Sport",English,"Canada, USA",7.5,Disney+ Hotstar
542,Miracle at Midnight,movie,Not Rated,90.0,Drama,English,USA,7.0,Disney+ Hotstar
543,Miracle in Lane 2,movie,G,120.0,"Biography, Comedy, Drama, Family, Sport",English,USA,6.0,Disney+ Hotstar
544,Miracle Landing on the Hudson,movie,Not Rated,90.0,Drama,English,USA,6.7,Disney+ Hotstar
545,Miracle on 34th Street,movie,Not Rated,96.0,"Comedy, Drama, Family","English, Dutch",USA,7.9,Disney+ Hotstar
546,Mission to the Sun,movie,Not Rated,60.0,Documentary,English,USA,7.1,Disney+ Hotstar
547,Moana,movie,PG,107.0,"Animation, Adventure, Comedy, Family, Fantasy, Musical",English,USA,7.6,Disney+ Hotstar
548,Mom's Got a Date with a Vampire,movie,TV-PG,85.0,"Comedy, Family, Fantasy, Horror",English,"Canada, USA",5.9,Disney+ Hotstar
549,Monsters University,movie,G,104.0,"Animation, Adventure, Comedy, Family, Fantasy",English,USA,7.3,Disney+ Hotstar
550,"Monsters, Inc.",movie,G,92.0,"Animation, Adventure, Comedy, Family, Fantasy",English,USA,8.0,Disney+ Hotstar
551,Motocrossed,movie,TV-G,110.0,"Action, Adventure, Family",English,USA,6.6,Disney+ Hotstar
552,Mr. Boogedy,episode,TV-PG,46.0,"Adventure, Drama, Family",English,USA,7.3,Disney+ Hotstar
553,Mr. Duck Steps Out,movie,TV-G,8.0,"Animation, Short, Comedy",English,USA,7.5,Disney+ Hotstar
554,Mr. Mouse Takes a Trip,movie,Not Rated,8.0,"Family, Animation, Comedy",English,USA,7.2,Disney+ Hotstar
555,Mulan,movie,G,88.0,"Animation, Adventure, Family, Fantasy, Musical, War","English, Mandarin",USA,7.6,Disney+ Hotstar
556,Mulan II,movie,G,79.0,"Animation, Action, Comedy, Family, Musical",English,"USA, South Korea, Singapore, Russia, Malaysia, Kazakhstan, Taiwan, Hong Kong, Japan, China, India, Syria, Iran, Egypt, Pakistan",5.7,Disney+ Hotstar
557,Muppet Babies,series,TV-Y,23.0,"Animation, Short, Adventure, Comedy, Family, Fantasy, Musical",English,"South Korea, USA, China, Japan",7.0,Disney+ Hotstar
559,Muppet Moments,series,Not Rated,81.0,"Short, Family",English,USA,8.8,Disney+ Hotstar
560,Muppet Treasure Island,movie,G,99.0,"Action, Adventure, Comedy, Family, Musical, Romance",English,USA,7.0,Disney+ Hotstar
561,Muppets Most Wanted,movie,PG,107.0,"Adventure, Comedy, Crime, Family, Musical, Mystery","English, German",USA,6.4,Disney+ Hotstar
562,"My Dog, the Thief: Part 1",episode,Not Rated,88.0,"Adventure, Biography, Drama, Family, Western",English,USA,6.6,Disney+ Hotstar
563,My Favorite Martian,movie,PG,94.0,"Comedy, Family, Sci-Fi",English,USA,5.1,Disney+ Hotstar
564,My Friends Tigger & Pooh,series,TV-Y,30.0,"Animation, Short, Adventure, Family","English, Spanish, German, Japanese, French, Abkhazian, Portuguese",USA,5.7,Disney+ Hotstar
565,National Treasure,movie,PG,131.0,"Action, Adventure, Mystery, Thriller","English, Spanish",USA,6.8,Disney+ Hotstar
566,National Treasure: Book of Secrets,movie,PG,124.0,"Action, Adventure, Family, Mystery, Thriller","English, French",USA,6.5,Disney+ Hotstar
567,Nature's Half Acre,movie,Passed,33.0,"Documentary, Short, Family",English,USA,7.7,Disney+ Hotstar
568,Newsies,movie,PG,121.0,"Drama, Family, History, Musical",English,USA,7.0,Disney+ Hotstar
569,Disney's Newsies: The Broadway Musical!,movie,PG,149.0,Musical,English,USA,8.5,Disney+ Hotstar
570,Noelle,movie,G,100.0,"Comedy, Family, Fantasy",English,USA,6.2,Disney+ Hotstar
571,Now You See It...,movie,TV-G,83.0,"Drama, Family, Fantasy, Mystery",English,USA,6.3,Disney+ Hotstar
572,Olaf's Frozen Adventure,movie,G,22.0,"Animation, Short, Adventure, Comedy, Family, Fantasy, Musical",English,USA,5.5,Disney+ Hotstar
573,Old Dogs,movie,PG,88.0,"Comedy, Family","English, Ukrainian",USA,5.4,Disney+ Hotstar
574,Old Yeller,movie,Approved,83.0,"Adventure, Drama, Family, Western",English,USA,7.3,Disney+ Hotstar
575,Oliver & Company,movie,G,74.0,"Animation, Adventure, Comedy, Family, Musical",English,USA,6.7,Disney+ Hotstar
576,On Ice,movie,Not Rated,8.0,"Family, Comedy, Animation, Short",English,USA,7.5,Disney+ Hotstar
577,Once Upon a Mattress,movie,PG,90.0,"Comedy, Musical, Romance",English,USA,6.4,Disney+ Hotstar
578,One Day at Disney,series,Not Rated,5.0,Documentary,English,USA,7.3,Disney+ Hotstar
580,One Hundred and One Dalmatians,movie,G,79.0,"Animation, Adventure, Comedy, Family",English,USA,7.2,Disney+ Hotstar
581,One Magic Christmas,movie,G,89.0,"Family, Fantasy",English,"Canada, USA",6.6,Disney+ Hotstar
582,One Man Band,movie,G,4.0,"Animation, Short, Comedy, Family, Music",None,USA,7.7,Disney+ Hotstar
583,One Strange Rock,series,TV-PG,47.0,Documentary,"English, Spanish, Indonesian, Chinese, Arabic, Russian, Hindi, Tibetan, Portuguese, French, Thai, Norwegian, Italian, Japanese, Mongolian, Kazakh",USA,8.8,Disney+ Hotstar
584,Onward,movie,PG,102.0,"Animation, Adventure, Comedy, Family, Fantasy",English,USA,7.5,Disney+ Hotstar
585,Operation Dumbo Drop,movie,PG,107.0,"Action, Adventure, Comedy, Drama, Family, War","English, Vietnamese",USA,5.1,Disney+ Hotstar
586,Origins: The Journey of Humankind,series,Not Rated,60.0,Documentary,English,USA,6.9,Disney+ Hotstar
587,Out of Scale,movie,Not Rated,7.0,"Animation, Short, Comedy, Family",English,USA,7.6,Disney+ Hotstar
588,Out of the Box,series,TV-Y,24.0,"Comedy, Family",English,USA,7.5,Disney+ Hotstar
589,Out There with Jack Randall,series,Not Rated,81.0,Documentary,English,USA,6.6,Disney+ Hotstar
591,Paris to Pittsburgh,movie,Not Rated,81.0,Not Available,English,USA,5.9,Disney+ Hotstar
592,Partly Cloudy,movie,G,6.0,"Animation, Short, Comedy, Family, Fantasy",None,USA,8.2,Disney+ Hotstar
593,Party Central,movie,PG,5.0,"Animation, Short, Adventure, Comedy, Family, Fantasy",English,USA,7.1,Disney+ Hotstar
594,Penguins: Life on the Edge,movie,G,78.0,"Documentary, Family",English,USA,6.7,Disney+ Hotstar
595,Perri,movie,Approved,75.0,"Adventure, Family, Fantasy, Romance",English,USA,7.2,Disney+ Hotstar
596,Pete's Dragon,movie,G,128.0,"Animation, Adventure, Comedy, Family, Fantasy, Musical",English,USA,6.4,Disney+ Hotstar
597,Pete's Dragon,movie,PG,102.0,"Action, Adventure, Comedy, Drama, Family, Fantasy",English,USA,6.7,Disney+ Hotstar
598,Peter Pan,movie,G,77.0,"Animation, Adventure, Family, Fantasy, Musical","English, American Sign Language",USA,7.3,Disney+ Hotstar
599,Peter Pan 2: Return to Never Land,movie,G,72.0,"Animation, Adventure, Family, Fantasy",English,"USA, Canada, Australia",5.8,Disney+ Hotstar
600,Phantom of the Megaplex,movie,TV-G,89.0,"Action, Comedy, Family, Mystery",English,"USA, Canada",6.5,Disney+ Hotstar
601,Phil of the Future,series,TV-G,25.0,"Adventure, Comedy, Family, Sci-Fi",English,USA,7.0,Disney+ Hotstar
602,Phineas and Ferb,series,TV-G,15.0,"Animation, Action, Comedy, Family, Musical, Sci-Fi",English,USA,7.9,Disney+ Hotstar
603,Phineas and Ferb the Movie: Across the 2nd Dimension,movie,TV-G,78.0,"Animation, Action, Adventure, Comedy, Family, Musical, Sci-Fi",English,USA,7.4,Disney+ Hotstar
604,Phineas and Ferb: Mission Marvel,episode,TV-G,45.0,"Animation, Action, Comedy, Family, Musical, Sci-Fi",Brazilian Sign Language,USA,8.3,Disney+ Hotstar
605,Pick of the Litter,series,Not Rated,81.0,Documentary,English,USA,6.7,Disney+ Hotstar
606,Piglet's Big Movie,movie,G,75.0,"Animation, Adventure, Comedy, Family, Musical, Mystery",English,USA,6.1,Disney+ Hotstar
607,Pinocchio,movie,G,88.0,"Animation, Comedy, Family, Fantasy, Musical",English,USA,7.4,Disney+ Hotstar
608,Piper,movie,G,6.0,"Animation, Short, Family",None,USA,8.4,Disney+ Hotstar
609,Pirates of the Caribbean: At World's End,movie,PG-13,169.0,"Action, Adventure, Fantasy",English,USA,7.1,Disney+ Hotstar
610,Pirates of the Caribbean: Dead Man's Chest,movie,PG-13,151.0,"Action, Adventure, Fantasy","English, Turkish, Greek, Mandarin, French",USA,7.3,Disney+ Hotstar
611,Pirates of the Caribbean: On Stranger Tides,movie,PG-13,136.0,"Action, Adventure, Fantasy","English, Spanish","USA, UK",6.6,Disney+ Hotstar
612,Pirates of the Caribbean: The Curse of the Black Pearl,movie,PG-13,143.0,"Action, Adventure, Fantasy",English,USA,8.0,Disney+ Hotstar
613,Pixar in Real Life,series,TV-G,81.0,"Comedy, Family, Reality-TV",English,USA,6.7,Disney+ Hotstar
614,Pixel Perfect,movie,TV-G,85.0,"Family, Sci-Fi, Comedy, Fantasy, Music","English, German",USA,5.7,Disney+ Hotstar
615,PJ Masks,series,TV-Y,24.0,"Animation, Action, Adventure, Family, Fantasy, Sci-Fi","French, English","France, UK",5.7,Disney+ Hotstar
618,Pluto's Christmas Tree,movie,Approved,7.0,"Animation, Short, Comedy, Family, Fantasy",English,USA,7.7,Disney+ Hotstar
619,Pluto's Party,movie,Approved,7.0,"Animation, Short, Comedy, Family",English,USA,6.5,Disney+ Hotstar
620,Pluto's Purchase,movie,Not Rated,7.0,"Animation, Comedy, Family",English,USA,6.6,Disney+ Hotstar
623,Pocahontas,movie,G,81.0,"Animation, Adventure, Drama, Family, Musical, Romance","English, Algonquin",USA,6.7,Disney+ Hotstar
624,Pocahontas II: Journey to a New World,movie,G,72.0,"Animation, Adventure, Drama, Family, Musical, Romance",English,USA,4.9,Disney+ Hotstar
625,Pollyanna,movie,Approved,134.0,"Comedy, Drama, Family",English,USA,7.4,Disney+ Hotstar
626,Pooh's Grand Adventure: The Search for Christopher Robin,movie,G,76.0,"Animation, Adventure, Comedy, Family, Musical",English,USA,7.1,Disney+ Hotstar
627,Pooh's Heffalump Movie,movie,G,68.0,"Animation, Comedy, Family, Fantasy, Musical, Mystery",English,USA,6.4,Disney+ Hotstar
629,Presto,movie,G,5.0,"Animation, Short, Comedy, Family, Fantasy",English,USA,8.4,Disney+ Hotstar
630,Primal Survivor,series,Not Rated,81.0,Documentary,English,USA,8.5,Disney+ Hotstar
631,Princess Protection Program,movie,TV-G,90.0,"Comedy, Drama, Family",English,USA,5.6,Disney+ Hotstar
632,Prom,movie,PG,104.0,"Comedy, Drama, Family, Romance",English,USA,5.4,Disney+ Hotstar
633,Prowlers of the Everglades,movie,Approved,32.0,"Documentary, Short, Family",English,USA,8.1,Disney+ Hotstar
634,Puppy Dog Pals,series,TV-Y,24.0,"Animation, Family",English,USA,7.1,Disney+ Hotstar
635,Purl,movie,PG,8.0,"Animation, Short, Comedy, Family",English,USA,6.4,Disney+ Hotstar
636,Quack Pack,series,TV-Y,30.0,"Animation, Short, Adventure, Comedy, Family",English,USA,6.8,Disney+ Hotstar
637,Queen of Katwe,movie,PG,124.0,"Biography, Drama, Sport",English,USA,7.4,Disney+ Hotstar
638,Quints,movie,TV-G,83.0,"Comedy, Drama, Family",English,"Canada, USA",5.7,Disney+ Hotstar
639,Ratatouille,movie,G,111.0,"Animation, Adventure, Comedy, Drama, Family, Fantasy","English, French",USA,8.0,Disney+ Hotstar
640,Read It and Weep,movie,TV-G,84.0,"Comedy, Drama, Family",English,USA,5.5,Disney+ Hotstar
641,Ready to Run,movie,TV-G,96.0,"Family, Sport",English,"USA, New Zealand",5.3,Disney+ Hotstar
642,Recess: All Growed Down,movie,G,61.0,"Animation, Comedy, Family",English,USA,6.7,Disney+ Hotstar
643,Recess: School's Out,movie,G,82.0,"Animation, Comedy, Family",English,"USA, Japan",6.6,Disney+ Hotstar
644,Recess: Taking the Fifth Grade,movie,G,62.0,"Animation, Comedy, Family",English,USA,6.8,Disney+ Hotstar
645,Red Tails,movie,PG-13,125.0,"Action, Drama, History, War","English, Italian, German",USA,5.9,Disney+ Hotstar
646,Red's Dream,movie,G,4.0,"Animation, Short, Family",English,USA,6.4,Disney+ Hotstar
647,Remember the Titans,movie,PG,113.0,"Biography, Drama, Sport",English,USA,7.8,Disney+ Hotstar
649,Return from Witch Mountain,movie,G,95.0,"Family, Adventure, Sci-Fi, Fantasy",English,USA,5.9,Disney+ Hotstar
650,Return to Halloweentown,movie,TV-PG,88.0,"Comedy, Family, Fantasy",English,USA,5.6,Disney+ Hotstar
651,Return to Oz,movie,PG,113.0,"Adventure, Family, Fantasy, Horror, Mystery",English,"UK, USA",6.7,Disney+ Hotstar
652,Richie Rich's Christmas Wish,movie,G,84.0,"Comedy, Family",English,USA,4.1,Disney+ Hotstar
653,Right on Track,movie,TV-G,89.0,"Biography, Drama, Family",English,USA,6.3,Disney+ Hotstar
655,Rip Girls,movie,TV-G,87.0,"Drama, Family, Romance",English,"Australia, USA",6.2,Disney+ Hotstar
656,Robin Hood,movie,G,83.0,"Animation, Adventure, Comedy, Family, Romance","English, Portuguese",USA,7.6,Disney+ Hotstar
657,Rocky Mountain Animal Rescue,movie,Not Rated,81.0,Reality-TV,English,USA,7.8,Disney+ Hotstar
658,Rogue One: A Star Wars Story,movie,PG-13,133.0,"Action, Adventure, Sci-Fi",English,USA,7.8,Disney+ Hotstar
659,Rookie of the Year,movie,PG,103.0,"Comedy, Family, Fantasy, Sport",English,USA,6.0,Disney+ Hotstar
660,Roving Mars,movie,G,40.0,"Documentary, Short",English,USA,7.2,Disney+ Hotstar
661,Ruby Bridges,movie,Not Rated,96.0,Drama,English,USA,7.2,Disney+ Hotstar
662,Running Wild with Bear Grylls,series,TV-14,60.0,"Adventure, Comedy, Reality-TV, Talk-Show",English,USA,7.7,Disney+ Hotstar
663,Sacred Planet,movie,G,40.0,"Documentary, Short",English,"Canada, Malaysia, USA",6.0,Disney+ Hotstar
664,Saludos Amigos,movie,Approved,42.0,"Animation, Short, Family, Fantasy, Music","English, Portuguese",USA,6.2,Disney+ Hotstar
665,"Sammy, the Way-Out Seal: Part 1",episode,Unrated,89.0,"Adventure, Biography, Drama",English,USA,6.5,Disney+ Hotstar
666,Sanjay's Super Team,movie,PG,7.0,"Animation, Short, Action, Family, Fantasy, Thriller",English,USA,6.9,Disney+ Hotstar
667,Santa Paws 2: The Santa Pups,movie,G,88.0,"Adventure, Family",English,USA,4.9,Disney+ Hotstar
668,Santa's Workshop,movie,Not Rated,7.0,"Animation, Family, Short",English,USA,7.4,Disney+ Hotstar
669,Saving Mr. Banks,movie,PG-13,125.0,"Biography, Comedy, Drama",English,"USA, UK, Australia",7.5,Disney+ Hotstar
670,Science Fair,movie,PG,90.0,Documentary,English,USA,7.7,Disney+ Hotstar
671,Sea of Hope: America's Underwater Treasures,movie,Not Rated,48.0,Documentary,English,USA,6.7,Disney+ Hotstar
672,Sea Scouts,movie,Not Rated,8.0,"Animation, Family, Comedy, Short",English,USA,6.9,Disney+ Hotstar
673,Secret of the Wings,movie,G,75.0,"Animation, Family, Fantasy",English,"USA, India, UK",7.1,Disney+ Hotstar
674,Secretariat,movie,PG,123.0,"Biography, Drama, Family, History, Sport",English,USA,7.2,Disney+ Hotstar
675,The Secret of Christ's Tomb,movie,Not Rated,81.0,Documentary,English,USA,5.1,Disney+ Hotstar
676,Secrets of Life,movie,Passed,70.0,"Documentary, Family",English,USA,7.8,Disney+ Hotstar
677,Secrets of the King Cobra,movie,Not Rated,81.0,Documentary,English,India,7.2,Disney+ Hotstar
678,Secrets of the Zoo,series,Not Rated,44.0,Reality-TV,English,USA,8.2,Disney+ Hotstar
680,Shake It Up,series,TV-G,30.0,"Comedy, Family",English,USA,4.8,Disney+ Hotstar
681,Sharks of Lost Island,movie,Not Rated,81.0,Not Available,English,USA,6.7,Disney+ Hotstar
682,Sharpay's Fabulous Adventure,movie,G,90.0,"Comedy, Drama, Family, Music, Musical, Romance",English,USA,4.7,Disney+ Hotstar
683,Sheriff Callie's Wild West,series,TV-Y,25.0,"Animation, Short, Action, Adventure, Comedy, Family, Musical, Western","English, French","USA, South Korea, France",6.5,Disney+ Hotstar
684,Shipwrecked,movie,PG,92.0,"Adventure, Family",English,"Norway, Sweden, USA",6.7,Disney+ Hotstar
685,Shop Class,series,Not Rated,81.0,Not Available,English,USA,6.3,Disney+ Hotstar
686,Silver Surfer,series,TV-Y7,30.0,"Animation, Sci-Fi, Action, Thriller",English,"USA, Canada",7.1,Disney+ Hotstar
687,The Simpsons Movie,movie,PG-13,87.0,"Animation, Adventure, Comedy",English,USA,7.3,Disney+ Hotstar
688,Sister Act,movie,PG,100.0,"Comedy, Crime, Family, Music",English,USA,6.4,Disney+ Hotstar
689,Sister Act 2: Back in the Habit,movie,PG,107.0,"Comedy, Family, Music",English,USA,5.6,Disney+ Hotstar
690,Skyrunners,movie,TV-PG,92.0,"Family, Sci-Fi",English,USA,5.0,Disney+ Hotstar
691,Sleeping Beauty,movie,G,75.0,"Animation, Family, Fantasy, Musical, Romance",English,USA,7.2,Disney+ Hotstar
692,Smart Guy,series,TV-G,30.0,"Comedy, Drama, Family",English,USA,7.4,Disney+ Hotstar
693,Smart House,movie,TV-G,82.0,"Comedy, Drama, Family, Sci-Fi",English,USA,6.3,Disney+ Hotstar
694,Smash and Grab,movie,PG,8.0,"Animation, Short, Action, Adventure, Family, Sci-Fi",English,USA,6.7,Disney+ Hotstar
695,Snow Dogs,movie,PG,99.0,"Adventure, Comedy, Family, Sport",English,"Canada, USA",5.2,Disney+ Hotstar
696,Snow White and the Seven Dwarfs,movie,G,83.0,"Animation, Family, Fantasy, Musical, Romance",English,USA,7.6,Disney+ Hotstar
697,Snowball Express,movie,G,93.0,"Comedy, Family",English,USA,6.5,Disney+ Hotstar
698,Snowglobe,movie,TV-PG,86.0,"Comedy, Family, Fantasy, Romance",English,USA,6.0,Disney+ Hotstar
699,So Weird,series,TV-Y7,30.0,"Adventure, Family, Mystery, Thriller",English,Canada,8.5,Disney+ Hotstar
700,Society Dog Show,movie,Not Rated,8.0,"Animation, Family, Comedy",English,USA,7.1,Disney+ Hotstar
701,Sonny with a Chance,series,TV-G,23.0,"Comedy, Family, Romance",English,USA,6.1,Disney+ Hotstar
702,Soy Luna,series,Not Rated,45.0,"Comedy, Family, Music","Spanish, German","Argentina, Mexico",6.8,Disney+ Hotstar
703,Spider-Man,series,Not Rated,30.0,"Animation, Action, Adventure, Family, Fantasy, Sci-Fi",English,USA,7.0,Disney+ Hotstar
704,Spider-Man and His Amazing Friends,series,TV-Y7,22.0,"Animation, Action, Comedy, Crime, Family, Sci-Fi",English,USA,7.2,Disney+ Hotstar
705,Spider-Man Unlimited,series,TV-Y7,22.0,"Action, Family, Adventure, Animation, Thriller, Crime, Sci-Fi",English,"USA, Canada",6.4,Disney+ Hotstar
706,Spider-Woman,series,TV-Y7,21.0,"Animation, Family, Fantasy",English,USA,5.8,Disney+ Hotstar
707,Splash,movie,PG,111.0,"Comedy, Fantasy, Romance","English, Swedish",USA,6.2,Disney+ Hotstar
708,Star Wars: Forces of Destiny,series,Not Rated,3.0,"Animation, Adventure, Family, Sci-Fi",English,USA,5.0,Disney+ Hotstar
709,Star Wars Rebels,series,TV-Y7-FV,22.0,"Animation, Action, Adventure, Family, Fantasy, Mystery, Sci-Fi",English,USA,8.0,Disney+ Hotstar
711,Star Wars Resistance,series,TV-Y7,30.0,"Animation, Action, Adventure, Sci-Fi",English,USA,4.9,Disney+ Hotstar
712,Star Wars: Episode IV - A New Hope,movie,PG,121.0,"Action, Adventure, Fantasy, Sci-Fi",English,USA,8.6,Disney+ Hotstar
713,Star Wars: Episode II - Attack of the Clones,movie,PG,142.0,"Action, Adventure, Fantasy, Sci-Fi",English,USA,6.5,Disney+ Hotstar
714,Star Wars Blips,series,Not Rated,1.0,"Animation, Comedy",English,USA,6.1,Disney+ Hotstar
715,Star Wars: Episode VI - Return of the Jedi,movie,PG,131.0,"Action, Adventure, Fantasy, Sci-Fi",English,USA,8.3,Disney+ Hotstar
716,Star Wars: Episode III - Revenge of the Sith,movie,PG-13,140.0,"Action, Adventure, Fantasy, Sci-Fi",English,USA,7.5,Disney+ Hotstar
717,Star Wars: The Clone Wars,series,TV-PG,23.0,"Animation, Action, Adventure, Drama, Fantasy, Sci-Fi",English,USA,8.1,Disney+ Hotstar
718,Star Wars: The Clone Wars,movie,PG,98.0,"Animation, Action, Adventure, Family, Fantasy, Sci-Fi",English,USA,5.9,Disney+ Hotstar
719,Star Wars: Episode V - The Empire Strikes Back,movie,PG,124.0,"Action, Adventure, Fantasy, Sci-Fi",English,USA,8.7,Disney+ Hotstar
720,Star Wars: Episode VII - The Force Awakens,movie,PG-13,138.0,"Action, Adventure, Sci-Fi",English,USA,7.9,Disney+ Hotstar
721,Star Wars: Episode VIII - The Last Jedi,movie,PG-13,152.0,"Action, Adventure, Fantasy, Sci-Fi",English,USA,7.0,Disney+ Hotstar
722,Star Wars: Episode I - The Phantom Menace,movie,PG,136.0,"Action, Adventure, Fantasy, Sci-Fi",English,USA,6.5,Disney+ Hotstar
724,Stargirl,movie,PG,107.0,"Comedy, Drama, Romance",English,USA,6.2,Disney+ Hotstar
725,StarStruck,movie,TV-G,90.0,"Comedy, Family, Music, Romance",English,USA,6.1,Disney+ Hotstar
726,Steamboat Willie,movie,TV-Y7,8.0,"Animation, Short, Comedy, Family, Musical",English,USA,7.6,Disney+ Hotstar
727,Stepsister from Planet Weird,movie,TV-G,85.0,"Comedy, Family, Sci-Fi",English,USA,6.0,Disney+ Hotstar
728,Stitch! The Movie,movie,G,60.0,"Animation, Adventure, Comedy, Family, Sci-Fi","Hawaiian, English",USA,6.2,Disney+ Hotstar
729,Stonehenge: Decoded,movie,PG,92.0,"Documentary, History",English,UK,6.5,Disney+ Hotstar
730,Stuck in the Suburbs,movie,TV-G,76.0,"Comedy, Family, Music",English,USA,5.6,Disney+ Hotstar
731,The Sultan and the Rock Star,episode,Unrated,60.0,"Adventure, Biography, Drama",English,USA,7.1,Disney+ Hotstar
732,Super Buddies,movie,G,81.0,Family,English,USA,4.2,Disney+ Hotstar
733,Super Rhino,movie,G,4.0,"Animation, Short, Adventure, Comedy, Family",English,USA,6.3,Disney+ Hotstar
734,Supercar Superbuild,series,Not Rated,81.0,Documentary,English,USA,7.0,Disney+ Hotstar
735,Swiss Family Robinson,movie,Not Rated,93.0,Adventure,English,USA,6.5,Disney+ Hotstar
736,Swiss Family Robinson,movie,G,126.0,"Adventure, Family",English,USA,7.2,Disney+ Hotstar
737,TaleSpin,series,TV-Y7,30.0,"Animation, Action, Adventure, Comedy, Drama, Family, Fantasy, Mystery",English,USA,7.6,Disney+ Hotstar
738,Tall Tale,movie,PG,96.0,"Adventure, Family, Fantasy, Western",English,USA,5.9,Disney+ Hotstar
739,Tangled,movie,PG,100.0,"Animation, Adventure, Comedy, Family, Fantasy, Musical, Romance",English,USA,7.7,Disney+ Hotstar
740,Tangled: Before Ever After,movie,TV-Y7,55.0,"Animation, Action, Adventure, Comedy, Family, Fantasy, Musical",English,USA,6.6,Disney+ Hotstar
741,Tangled: The Series,series,TV-Y7,21.0,"Animation, Action, Adventure, Comedy, Family, Fantasy, Musical","English, Czech",USA,7.6,Disney+ Hotstar
742,Tarzan & Jane,movie,G,75.0,"Animation, Adventure, Family",English,USA,5.4,Disney+ Hotstar
743,Teacher's Pet,movie,PG,73.0,"Animation, Adventure, Comedy, Family, Fantasy, Musical, Sci-Fi",English,USA,5.8,Disney+ Hotstar
744,Teacher's Pet,series,TV-Y,30.0,"Animation, Short, Adventure, Comedy, Family, Fantasy",English,USA,6.4,Disney+ Hotstar
745,Teen Beach 2,movie,TV-G,104.0,"Family, Fantasy, Musical",English,USA,6.1,Disney+ Hotstar
746,Teen Beach Movie,movie,Not Rated,110.0,"Family, Fantasy, Musical",English,USA,5.9,Disney+ Hotstar
747,Teen Spirit,movie,TV-PG,82.0,"Comedy, Drama, Fantasy",English,USA,5.5,Disney+ Hotstar
748,That Darn Cat,movie,PG,89.0,"Action, Comedy, Crime, Family, Mystery",English,USA,4.7,Disney+ Hotstar
749,That Darn Cat!,movie,Approved,116.0,"Comedy, Crime, Family, Thriller","English, French",USA,6.8,Disney+ Hotstar
750,That's So Raven,series,TV-G,30.0,"Comedy, Family, Fantasy",English,USA,6.5,Disney+ Hotstar
751,The Absent Minded Professor,movie,Approved,92.0,"Comedy, Family, Sci-Fi, Sport",English,USA,6.8,Disney+ Hotstar
753,The Adventures of Bullwhip Griffin,movie,Approved,108.0,"Action, Adventure, Comedy, Family, Romance, Western",English,USA,6.6,Disney+ Hotstar
754,The Adventures of Huck Finn,movie,PG,108.0,"Adventure, Comedy, Drama, Family","English, French",USA,6.2,Disney+ Hotstar
755,The Adventures of Ichabod and Mr. Toad,movie,Approved,68.0,"Animation, Comedy, Family, Fantasy, Horror",English,USA,7.0,Disney+ Hotstar
756,The Adventures of Spin and Marty,series,Not Rated,81.0,"Adventure, Western, Family",English,USA,8.2,Disney+ Hotstar
757,The African Lion,movie,Approved,75.0,"Family, Documentary",English,USA,7.3,Disney+ Hotstar
758,The Apple Dumpling Gang,movie,G,100.0,"Comedy, Family, Western",English,USA,6.5,Disney+ Hotstar
759,The Apple Dumpling Gang Rides Again,movie,G,88.0,"Comedy, Family, Western",English,USA,6.1,Disney+ Hotstar
760,The Aristocats,movie,G,78.0,"Animation, Adventure, Comedy, Family, Musical",English,USA,7.1,Disney+ Hotstar
761,The Art of Skiing,movie,Approved,8.0,"Animation, Short, Comedy, Family, Sport",English,USA,7.3,Disney+ Hotstar
762,The Avengers: Earth's Mightiest Heroes,series,TV-Y7,30.0,"Animation, Action, Family, Sci-Fi",English,USA,8.3,Disney+ Hotstar
763,Avengers: United They Stand,series,TV-Y7,30.0,"Animation, Action, Adventure, Sci-Fi",English,"France, Canada, USA",5.5,Disney+ Hotstar
764,The Band Concert,movie,TV-Y7,9.0,"Animation, Short, Comedy, Family, Music",English,USA,7.9,Disney+ Hotstar
765,The Bears and I,movie,G,89.0,"Drama, Family",English,USA,6.2,Disney+ Hotstar
766,The BFG,movie,PG,117.0,"Adventure, Family, Fantasy",English,"USA, India, UK",6.4,Disney+ Hotstar
767,The Big Bad Wolf,movie,Approved,9.0,"Animation, Comedy, Family, Musical, Short",English,USA,7.1,Disney+ Hotstar
768,The Biscuit Eater,movie,G,90.0,"Drama, Family",English,USA,5.7,Disney+ Hotstar
769,The Black Cauldron,movie,PG,80.0,"Animation, Action, Adventure, Family, Fantasy, Horror","English, Portuguese","USA, UK",6.4,Disney+ Hotstar
770,The Black Hole,movie,PG,98.0,"Action, Sci-Fi",English,USA,6.0,Disney+ Hotstar
771,The Blue Umbrella,movie,G,7.0,"Animation, Short, Family, Fantasy, Romance",English,USA,7.6,Disney+ Hotstar
773,The Book of Pooh,series,TV-Y,30.0,"Animation, Short, Adventure, Comedy, Family, Musical",English,USA,6.3,Disney+ Hotstar
774,The Boy Who Talked to Badgers,movie,Not Rated,81.0,"Adventure, Family",English,USA,6.8,Disney+ Hotstar
775,The Brave Little Toaster Goes to Mars,movie,Not Rated,73.0,"Animation, Adventure, Family, Sci-Fi",English,USA,5.7,Disney+ Hotstar
776,The Castaway Cowboy,movie,G,91.0,"Comedy, Family, Western",English,USA,5.9,Disney+ Hotstar
777,The Cat from Outer Space,movie,G,104.0,"Comedy, Family, Sci-Fi",English,USA,6.1,Disney+ Hotstar
778,The Cheetah Girls,movie,TV-G,100.0,"Comedy, Drama, Family, Music, Musical","English, Spanish","Canada, USA",4.8,Disney+ Hotstar
779,The Cheetah Girls 2,movie,TV-G,96.0,"Comedy, Drama, Family, Music, Musical","English, Spanish",USA,5.0,Disney+ Hotstar
780,The Cheetah Girls: One World,movie,TV-G,90.0,"Comedy, Drama, Family, Musical",English,USA,4.7,Disney+ Hotstar
781,The Christmas Star,movie,TV-G,94.0,"Drama, Family",English,"Canada, USA",6.5,Disney+ Hotstar
782,The Chronicles of Narnia: Prince Caspian,movie,PG,150.0,"Action, Adventure, Family, Fantasy",English,"USA, Poland, Slovenia, Czech Republic, UK",6.5,Disney+ Hotstar
783,"The Chronicles of Narnia: The Lion, the Witch and the Wardrobe",movie,PG,143.0,"Adventure, Family, Fantasy","English, German, Brazilian Sign Language","UK, USA",6.9,Disney+ Hotstar
784,The Color of Friendship,movie,TV-G,87.0,"Biography, Drama, Family",English,"Canada, USA",7.4,Disney+ Hotstar
785,The Computer Wore Tennis Shoes,movie,G,91.0,"Comedy, Family, Sci-Fi",English,USA,6.0,Disney+ Hotstar
786,The Country Bears,movie,G,88.0,"Comedy, Family, Music, Musical",English,USA,4.1,Disney+ Hotstar
789,The Emperor's New Groove,movie,G,78.0,"Animation, Adventure, Comedy, Family, Fantasy",English,USA,7.3,Disney+ Hotstar
790,The Even Stevens Movie,movie,TV-G,93.0,"Comedy, Family",English,USA,6.2,Disney+ Hotstar
791,The Finest Hours,movie,PG-13,117.0,"Action, Drama, History, Thriller",English,USA,6.8,Disney+ Hotstar
792,The Flood,movie,Not Rated,81.0,Documentary,English,USA,8.2,Disney+ Hotstar
793,The Fox and the Hound,movie,G,83.0,"Animation, Adventure, Drama, Family",English,USA,7.3,Disney+ Hotstar
794,The Fox and the Hound 2,movie,G,69.0,"Animation, Adventure, Comedy, Family, Musical",English,USA,5.3,Disney+ Hotstar
795,The Game Plan,movie,PG,110.0,"Comedy, Family, Sport",English,USA,6.1,Disney+ Hotstar
796,The Ghosts of Buxley Hall,movie,Not Rated,120.0,"Comedy, Family, Fantasy",English,USA,6.6,Disney+ Hotstar
797,The Goddess of Spring,movie,Approved,10.0,"Animation, Short, Family, Fantasy, Musical",English,USA,6.9,Disney+ Hotstar
798,The Golden Touch,movie,Not Rated,10.0,"Animation, Short, Comedy, Family, Musical",English,USA,6.9,Disney+ Hotstar
799,The Good Dinosaur,movie,PG,93.0,"Animation, Adventure, Comedy, Drama, Family, Fantasy",English,USA,6.7,Disney+ Hotstar
800,The Great Mouse Detective,movie,G,74.0,"Animation, Adventure, Family, Musical, Mystery","English, French, German, Italian",USA,7.2,Disney+ Hotstar
801,The Great Muppet Caper,movie,G,97.0,"Adventure, Comedy, Crime, Family, Musical, Mystery",English,"UK, USA",7.2,Disney+ Hotstar
802,The Greatest Game Ever Played,movie,PG,120.0,"Biography, Drama, Sport",English,"USA, Canada",7.4,Disney+ Hotstar
803,The Haunted Mansion,movie,PG,88.0,"Comedy, Family, Fantasy, Horror, Mystery",English,USA,5.0,Disney+ Hotstar
804,The Hockey Champ,movie,Approved,7.0,"Animation, Short, Comedy, Family, Sport",English,USA,7.1,Disney+ Hotstar
805,The Hunchback of Notre Dame,movie,G,91.0,"Animation, Drama, Family, Musical, Romance","English, Latin","USA, France",6.9,Disney+ Hotstar
806,The Hunchback of Notre Dame 2: The Secret of the Bell,movie,G,68.0,"Animation, Adventure, Comedy, Drama, Family, Musical, Romance",English,USA,4.7,Disney+ Hotstar
807,The Imagineering Story,series,Not Rated,60.0,Documentary,English,USA,9.1,Disney+ Hotstar
808,The Incredible Dr. Pol,series,Not Rated,44.0,"Documentary, Reality-TV",English,USA,8.6,Disney+ Hotstar
809,Blue Ribbon Kids,episode,Not Rated,44.0,"Documentary, Reality-TV",English,USA,6.7,Disney+ Hotstar
810,The Incredible Journey,movie,G,80.0,"Adventure, Drama, Family",English,"Canada, USA",7.1,Disney+ Hotstar
811,The Incredibles,movie,PG,115.0,"Animation, Action, Adventure, Family","English, French",USA,8.0,Disney+ Hotstar
812,The Journey of Natty Gann,movie,PG,101.0,"Adventure, Family",English,USA,7.0,Disney+ Hotstar
813,The Jungle Book,movie,G,78.0,"Animation, Adventure, Family, Musical",English,USA,7.6,Disney+ Hotstar
814,The Jungle Book 2,movie,G,72.0,"Animation, Adventure, Family, Musical",English,"USA, Australia",5.4,Disney+ Hotstar
815,The Jungle Book: Mowgli's Story,movie,G,77.0,"Adventure, Family",English,USA,4.2,Disney+ Hotstar
816,The Last Song,movie,PG,107.0,"Drama, Music, Romance",English,USA,6.0,Disney+ Hotstar
817,The Legend of Mor'du,movie,Not Rated,7.0,"Animation, Short, Family",English,USA,6.2,Disney+ Hotstar
818,The Lion King,movie,PG,118.0,"Animation, Adventure, Drama, Family, Musical","English, Xhosa, Zulu, French, Spanish","USA, UK",6.9,Disney+ Hotstar
819,The Lion King 3: Hakuna Matata,movie,G,77.0,"Animation, Adventure, Comedy, Family, Musical",English,"Australia, USA",6.6,Disney+ Hotstar
820,The Lion King 2: Simba's Pride,movie,G,81.0,"Animation, Adventure, Drama, Family, Musical, Romance",English,"USA, Australia",6.5,Disney+ Hotstar
821,The Lion King,movie,G,88.0,"Animation, Adventure, Drama, Family, Musical","English, Swahili, Xhosa, Zulu",USA,8.5,Disney+ Hotstar
822,The Little Mermaid,movie,G,83.0,"Animation, Family, Fantasy, Musical, Romance","English, French",USA,7.6,Disney+ Hotstar
823,The Little Mermaid 2: Return to the Sea,movie,G,75.0,"Animation, Drama, Family, Fantasy, Musical",English,"USA, Canada, Australia, Taiwan",5.6,Disney+ Hotstar
824,The Little Mermaid: Ariel's Beginning,movie,G,77.0,"Animation, Drama, Family, Fantasy, Musical",English,USA,6.3,Disney+ Hotstar
826,The Living Desert,movie,Passed,69.0,"Family, Documentary",English,USA,7.5,Disney+ Hotstar
827,Lizzie McGuire,movie,PG,94.0,"Adventure, Comedy, Family, Music, Romance","English, Italian",USA,5.5,Disney+ Hotstar
828,The Lodge,series,Not Rated,22.0,Family,English,UK,6.5,Disney+ Hotstar
829,The Lost Tomb of Alexander the Great,movie,Not Rated,81.0,Documentary,English,UK,7.2,Disney+ Hotstar
830,The Love Bug,movie,G,108.0,"Comedy, Family, Sport","English, Cantonese, Spanish",USA,6.5,Disney+ Hotstar
831,The Mandalorian,series,TV-PG,30.0,"Action, Adventure, Sci-Fi",English,USA,8.7,Disney+ Hotstar
832,The Many Adventures of Winnie the Pooh,movie,G,74.0,"Animation, Adventure, Comedy, Family, Musical",English,USA,7.6,Disney+ Hotstar
833,The Million Dollar Duck,movie,G,89.0,"Comedy, Family, Sci-Fi",English,USA,5.9,Disney+ Hotstar
834,The Mistle-Tones,movie,TV-PG,90.0,"Comedy, Family, Music",English,USA,6.7,Disney+ Hotstar
835,The Muppet Christmas Carol,movie,G,85.0,"Comedy, Drama, Family, Fantasy, Musical",English,"USA, UK",7.7,Disney+ Hotstar
836,The Muppet Movie,movie,G,95.0,"Adventure, Comedy, Family, Musical",English,"UK, USA",7.6,Disney+ Hotstar
837,The Muppets,movie,PG,103.0,"Adventure, Comedy, Family, Musical",English,USA,7.1,Disney+ Hotstar
838,The Muppets.,series,TV-PG,21.0,"Comedy, Family",English,USA,7.4,Disney+ Hotstar
839,The New Adventures of Winnie the Pooh,series,TV-Y,30.0,"Animation, Adventure, Comedy, Family, Fantasy, Musical",English,USA,7.6,Disney+ Hotstar
840,The New Neighbor,movie,Not Rated,7.0,"Family, Comedy, Animation, Short",English,USA,7.5,Disney+ Hotstar
841,The Odd Life of Timothy Green,movie,PG,105.0,"Comedy, Drama, Family, Fantasy",English,USA,6.6,Disney+ Hotstar
842,The Old Mill,movie,Approved,9.0,"Animation, Short, Comedy, Family, Musical",None,USA,7.9,Disney+ Hotstar
843,The Olympic Champ,movie,Approved,7.0,"Animation, Short, Comedy, Family, Sport",English,USA,7.1,Disney+ Hotstar
844,The Olympic Elk,movie,Approved,27.0,"Documentary, Short",English,USA,7.2,Disney+ Hotstar
845,The Other Me,movie,TV-G,90.0,"Comedy, Family, Sci-Fi",English,USA,6.1,Disney+ Hotstar
846,The Parent Trap,movie,Passed,129.0,"Comedy, Family, Romance",English,USA,7.1,Disney+ Hotstar
847,The Parent Trap,movie,PG,128.0,"Adventure, Comedy, Drama, Family, Romance","English, French","USA, UK",6.5,Disney+ Hotstar
848,The Pied Piper,movie,Not Rated,8.0,"Animation, Short, Family, Fantasy, Musical",English,USA,6.7,Disney+ Hotstar
849,The Plausible Impossible,episode,Unrated,50.0,"Adventure, Biography, Drama",English,USA,8.1,Disney+ Hotstar
850,The Poof Point,movie,TV-G,90.0,"Comedy, Family, Sci-Fi",English,USA,4.7,Disney+ Hotstar
851,The Prince and the Pauper,movie,TV-PG,93.0,Adventure,English,UK,6.2,Disney+ Hotstar
852,The Prince and the Pauper,movie,G,25.0,"Animation, Short, Adventure, Comedy, Family",English,USA,7.1,Disney+ Hotstar
853,The Princess and the Frog,movie,G,97.0,"Animation, Adventure, Comedy, Family, Fantasy, Musical, Romance","English, French",USA,7.1,Disney+ Hotstar
854,The Princess Bride,movie,PG,98.0,"Adventure, Family, Fantasy, Romance",English,USA,8.1,Disney+ Hotstar
855,The Princess Diaries,movie,G,111.0,"Comedy, Family, Romance","English, Dutch, Italian","USA, UK",6.3,Disney+ Hotstar
856,The Princess Diaries 2: Royal Engagement,movie,G,113.0,"Comedy, Family, Romance","English, Greek, French, Spanish",USA,5.8,Disney+ Hotstar
857,The Proud Family,series,TV-Y,30.0,"Animation, Comedy, Family, Fantasy",English,USA,6.4,Disney+ Hotstar
858,The Proud Family Movie,movie,TV-G,90.0,"Animation, Adventure, Comedy, Family, Fantasy, Sci-Fi",English,USA,5.4,Disney+ Hotstar
859,The Reluctant Dragon,movie,Approved,74.0,"Animation, Comedy, Family",English,USA,6.9,Disney+ Hotstar
860,The Replacements,series,TV-Y,22.0,"Animation, Comedy, Family, Sci-Fi",English,USA,5.8,Disney+ Hotstar
861,The Rescuers,movie,G,78.0,"Animation, Adventure, Comedy, Family, Fantasy",English,USA,6.9,Disney+ Hotstar
862,The Rescuers Down Under,movie,G,77.0,"Animation, Adventure, Crime, Drama, Family, Fantasy, Mystery",English,USA,6.9,Disney+ Hotstar
863,The Rocketeer,movie,PG,108.0,"Action, Adventure, Family, Sci-Fi","English, German",USA,6.5,Disney+ Hotstar
864,The Rookie,movie,G,127.0,"Drama, Family, Sport",English,USA,6.9,Disney+ Hotstar
865,The Sandlot: Heading Home,movie,PG,96.0,"Family, Sport",English,"USA, Canada",5.0,Disney+ Hotstar
866,The Santa Clause,movie,PG,97.0,"Comedy, Drama, Family, Fantasy","English, Spanish","USA, Canada",6.5,Disney+ Hotstar
867,The Santa Clause 2,movie,G,104.0,"Comedy, Family, Fantasy",English,"USA, Canada",5.6,Disney+ Hotstar
868,The Santa Clause 3: The Escape Clause,movie,G,97.0,"Adventure, Comedy, Family, Fantasy",English,"USA, Canada",4.7,Disney+ Hotstar
869,The Scream Team,movie,TV-PG,100.0,"Comedy, Family, Fantasy, Horror",English,USA,6.7,Disney+ Hotstar
870,The Secret of the Magic Gourd,movie,G,84.0,"Drama, Family","Mandarin, English","China, Hong Kong, USA",5.3,Disney+ Hotstar
871,The Shaggy D.A.,movie,G,91.0,"Comedy, Family, Fantasy",English,USA,5.9,Disney+ Hotstar
872,The Shaggy Dog,movie,Approved,104.0,"Family, Comedy, Fantasy",English,USA,6.5,Disney+ Hotstar
873,The Sign of Zorro,movie,Approved,91.0,"Adventure, Drama, Family, Romance, Western",English,USA,7.1,Disney+ Hotstar
875,The Simpsons,series,TV-PG,22.0,"Animation, Comedy","English, Spanish, Albanian, French, Japanese, German, Russian, Hindi, Swahili, Italian, Swedish, Turkish, Cantonese, Mandarin, Hebrew, Arabic, Klingon, Bengali, Czech",USA,8.7,Disney+ Hotstar
876,The Small One,movie,G,26.0,"Animation, Short, Family",English,USA,7.8,Disney+ Hotstar
877,The Sound of Music,movie,G,172.0,"Biography, Drama, Family, Musical, Romance","English, German",USA,8.0,Disney+ Hotstar
878,The Story of Robin Hood and His Merrie Men,movie,Approved,84.0,"Action, Adventure, Family",English,UK,6.7,Disney+ Hotstar
879,The Straight Story,movie,G,112.0,"Biography, Drama",English,"France, UK, USA",8.0,Disney+ Hotstar
880,The Strongest Man in the World,movie,G,92.0,"Comedy, Family, Sci-Fi",English,USA,6.1,Disney+ Hotstar
881,The Suite Life Movie,movie,Not Rated,79.0,"Adventure, Comedy, Crime, Drama, Family, Sci-Fi",English,USA,5.3,Disney+ Hotstar
882,The Suite Life of Zack & Cody,series,TV-G,30.0,"Comedy, Family",English,USA,6.5,Disney+ Hotstar
883,The Suite Life on Deck,series,TV-G,30.0,"Action, Adventure, Comedy, Family",English,USA,6.3,Disney+ Hotstar
884,The Super Hero Squad Show,series,TV-Y7,81.0,"Animation, Action, Comedy, Family, Sci-Fi",English,USA,6.1,Disney+ Hotstar
885,The Swap,movie,TV-G,100.0,"Comedy, Family, Fantasy",English,USA,6.1,Disney+ Hotstar
886,The Sword in the Stone,movie,G,79.0,"Animation, Adventure, Comedy, Family, Fantasy, Musical",English,USA,7.2,Disney+ Hotstar
887,The Thirteenth Year,movie,TV-G,95.0,"Comedy, Family, Fantasy",English,USA,6.0,Disney+ Hotstar
888,The Three Caballeros,movie,Approved,71.0,"Animation, Comedy, Family, Fantasy, Musical","English, Spanish, Portuguese",USA,6.5,Disney+ Hotstar
889,The Three Musketeers,movie,PG,105.0,"Action, Adventure, Comedy, Family, Romance",English,"Austria, UK, USA",6.4,Disney+ Hotstar
890,The Tigger Movie,movie,G,77.0,"Animation, Comedy, Drama, Family, Musical",English,"USA, Japan",6.3,Disney+ Hotstar
891,The Tortoise and the Hare,movie,Approved,9.0,"Animation, Short, Comedy, Family",English,USA,7.2,Disney+ Hotstar
892,The Ugly Dachshund,movie,Not Rated,93.0,"Comedy, Family","English, Japanese",USA,6.7,Disney+ Hotstar
893,Ugly Duckling,movie,Approved,9.0,"Animation, Short, Comedy, Family",None,USA,7.6,Disney+ Hotstar
894,The Ultimate Christmas Present,movie,TV-G,85.0,"Comedy, Family",English,"Canada, USA",5.9,Disney+ Hotstar
895,The Vanishing Prairie,movie,Approved,71.0,"Documentary, Family",English,USA,7.7,Disney+ Hotstar
896,The Wild,movie,G,82.0,"Animation, Adventure, Comedy, Family",English,"Canada, USA",5.3,Disney+ Hotstar
897,The Wise Little Hen,movie,Not Rated,8.0,"Animation, Short, Comedy, Family, Musical",English,USA,7.1,Disney+ Hotstar
898,The Wizards Return: Alex vs. Alex,movie,TV-G,60.0,"Adventure, Comedy, Drama, Family, Fantasy","English, Italian",USA,6.5,Disney+ Hotstar
899,The Little Mermaid Live!,movie,TV-PG,83.0,Musical,English,USA,5.5,Disney+ Hotstar
900,The World According to Jeff Goldblum,series,TV-PG,81.0,"Documentary, Comedy",English,USA,7.9,Disney+ Hotstar
901,The Young Black Stallion,movie,G,50.0,"Adventure, Family, Drama",English,USA,5.6,Disney+ Hotstar
902,Those Calloways,movie,Approved,131.0,"Drama, Family",English,USA,6.8,Disney+ Hotstar
904,Three Days,movie,TV-G,100.0,"Drama, Family, Fantasy",English,USA,7.2,Disney+ Hotstar
905,Three Little Pigs,movie,Passed,9.0,"Animation, Short, Comedy, Family, Musical",English,USA,7.5,Disney+ Hotstar
907,Three Men and a Baby,movie,PG,102.0,"Comedy, Drama, Family",English,USA,6.0,Disney+ Hotstar
908,Three Men and a Little Lady,movie,PG,104.0,"Comedy, Drama, Family, Romance",English,USA,5.4,Disney+ Hotstar
910,Thumbelina,movie,G,86.0,"Animation, Family, Fantasy, Musical, Romance",English,"Ireland, USA, Canada, UK, Denmark, Spain, Poland, Hungary",6.3,Disney+ Hotstar
911,Tiger Cruise,movie,TV-PG,88.0,"Drama, Family",English,USA,6.2,Disney+ Hotstar
912,The Nightmare Before Christmas,movie,PG,76.0,"Animation, Family, Fantasy, Musical",English,USA,8.0,Disney+ Hotstar
913,Timmy Failure: Mistakes Were Made,movie,PG,99.0,"Adventure, Comedy, Drama, Family, Fantasy",English,USA,6.1,Disney+ Hotstar
914,Timon & Pumbaa,series,TV-Y,22.0,"Animation, Adventure, Comedy, Family","English, Telugu",USA,7.1,Disney+ Hotstar
915,Tin Toy,movie,G,5.0,"Animation, Short, Family, Fantasy",English,USA,6.5,Disney+ Hotstar
916,Tinker Bell,movie,G,78.0,"Animation, Adventure, Family, Fantasy",English,USA,6.8,Disney+ Hotstar
917,Tinker Bell and the Great Fairy Rescue,movie,G,76.0,"Animation, Adventure, Family, Fantasy",English,USA,6.9,Disney+ Hotstar
918,Tinker Bell and the Lost Treasure,movie,G,81.0,"Animation, Adventure, Family, Fantasy",English,USA,6.7,Disney+ Hotstar
919,Titanic: 20 Years Later with James Cameron,movie,Not Rated,46.0,Documentary,English,USA,7.2,Disney+ Hotstar
920,Toby Tortoise Returns,movie,Approved,7.0,"Animation, Short, Comedy",English,USA,7.0,Disney+ Hotstar
921,Togo,movie,PG,113.0,"Adventure, Biography, Drama, Family, History",English,USA,8.1,Disney+ Hotstar
922,Tom and Huck,movie,PG,97.0,"Adventure, Comedy, Drama, Family, Romance, Western",English,USA,5.5,Disney+ Hotstar
923,Toy Story,movie,G,81.0,"Animation, Adventure, Comedy, Family, Fantasy",English,USA,8.3,Disney+ Hotstar
924,Toy Story 2,movie,G,92.0,"Animation, Adventure, Comedy, Family, Fantasy","English, Arabic, Spanish",USA,7.9,Disney+ Hotstar
925,Toy Story 3,movie,G,103.0,"Animation, Adventure, Comedy, Family, Fantasy","English, Spanish",USA,8.3,Disney+ Hotstar
926,Toy Story 4,movie,G,100.0,"Animation, Adventure, Comedy, Family, Fantasy",English,USA,7.8,Disney+ Hotstar
927,Toy Story Toons: Hawaiian Vacation,movie,G,6.0,"Animation, Short, Comedy, Family, Fantasy","English, Spanish",USA,7.3,Disney+ Hotstar
929,Toy Story Toons: Small Fry,movie,G,7.0,"Animation, Short, Comedy, Family, Fantasy",English,USA,7.1,Disney+ Hotstar
930,Trail of the Panda,movie,G,87.0,"Adventure, Family",Mandarin,China,6.4,Disney+ Hotstar
931,Trailer Horn,movie,Not Rated,6.0,"Animation, Comedy, Family, Short",English,USA,7.1,Disney+ Hotstar
932,Treasure Island,movie,PG,96.0,"Adventure, Family",English,UK,6.9,Disney+ Hotstar
933,Treasure of Matecumbe,movie,G,117.0,"Adventure, Family, Western",English,USA,6.3,Disney+ Hotstar
934,Treasure Planet,movie,PG,95.0,"Animation, Adventure, Family, Sci-Fi",English,USA,7.2,Disney+ Hotstar
936,TRON,movie,PG,96.0,"Action, Adventure, Sci-Fi",English,USA,6.8,Disney+ Hotstar
937,TRON: Uprising,series,TV-Y7,30.0,"Animation, Action, Adventure, Family, Sci-Fi",English,USA,8.2,Disney+ Hotstar
938,TRON: Legacy,movie,PG,125.0,"Action, Adventure, Sci-Fi",English,USA,6.8,Disney+ Hotstar
939,Tru Confessions,movie,TV-G,112.0,"Drama, Comedy, Family",English,"USA, Canada",7.5,Disney+ Hotstar
940,Tuck Everlasting,movie,PG,90.0,"Drama, Family, Fantasy, Romance","English, French",USA,6.6,Disney+ Hotstar
941,Tugboat Mickey,movie,Not Rated,7.0,"Animation, Comedy, Family, Short",English,USA,7.1,Disney+ Hotstar
942,Turner & Hooch,movie,PG,97.0,"Comedy, Crime, Drama, Thriller",English,USA,6.2,Disney+ Hotstar
943,Tutankhamen's Treasures,series,Not Rated,81.0,Documentary,English,UK,7.4,Disney+ Hotstar
944,'Twas the Night,movie,TV-G,84.0,"Comedy, Family",English,USA,5.5,Disney+ Hotstar
945,Twitches,movie,TV-PG,86.0,"Comedy, Drama, Family, Fantasy",English,USA,5.7,Disney+ Hotstar
946,Twitches Too,movie,TV-PG,83.0,"Drama, Family, Fantasy",English,USA,5.8,Disney+ Hotstar
947,Unidentified Flying Oddball,movie,G,93.0,"Comedy, Family, Adventure, Fantasy, Sci-Fi",English,USA,5.3,Disney+ Hotstar
949,Unlikely Animal Friends,series,Not Rated,81.0,Documentary,English,USA,7.7,Disney+ Hotstar
950,Up,movie,PG,96.0,"Animation, Adventure, Comedy, Family",English,USA,8.2,Disney+ Hotstar
951,"Up, Up, and Away!",movie,TV-G,90.0,"Comedy, Family, Fantasy, Sci-Fi",English,"Canada, USA",5.6,Disney+ Hotstar
952,Valiant,movie,G,76.0,"Animation, Adventure, Comedy, Family, War",English,"UK, USA",5.5,Disney+ Hotstar
953,Viking Warrior Women,movie,Not Rated,51.0,"Documentary, History","English, Swedish, German",UK,7.1,Disney+ Hotstar
954,Violetta,series,TV-G,45.0,"Drama, Family, Music, Romance",Spanish,Argentina,5.2,Disney+ Hotstar
955,Waking Sleeping Beauty,movie,PG,86.0,Documentary,English,USA,7.6,Disney+ Hotstar
956,WALLE,movie,G,98.0,"Animation, Adventure, Family, Sci-Fi",English,USA,8.4,Disney+ Hotstar
958,Water Birds,movie,Approved,30.0,"Documentary, Short, Family",English,USA,6.9,Disney+ Hotstar
959,Wendy Wu: Homecoming Warrior,movie,TV-PG,91.0,"Action, Adventure, Family","English, Mandarin, Cantonese",USA,5.4,Disney+ Hotstar
960,Whispers: An Elephant's Tale,movie,G,72.0,Family,English,USA,5.0,Disney+ Hotstar
961,White Fang,movie,PG,107.0,"Adventure, Drama",English,USA,6.7,Disney+ Hotstar
962,Who Framed Roger Rabbit,movie,PG,104.0,"Animation, Adventure, Comedy, Crime, Family, Fantasy, Mystery",English,USA,7.7,Disney+ Hotstar
963,Wicked Tuna,series,TV-14,60.0,Reality-TV,English,USA,6.6,Disney+ Hotstar
967,Willow,movie,PG,126.0,"Action, Adventure, Drama, Fantasy, Romance",English,USA,7.3,Disney+ Hotstar
968,Wind,movie,Not Rated,81.0,"Animation, Short",English,USA,6.7,Disney+ Hotstar
969,Winged Seduction: Birds of Paradise,movie,Not Rated,81.0,Documentary,English,USA,6.5,Disney+ Hotstar
970,Winnie the Pooh,movie,G,63.0,"Animation, Adventure, Comedy, Family, Musical",English,USA,7.2,Disney+ Hotstar
971,Winnie the Pooh: A Very Merry Pooh Year,movie,G,65.0,"Animation, Comedy, Drama, Family, Fantasy, Musical",English,USA,6.8,Disney+ Hotstar
972,Winnie the Pooh: Springtime with Roo,movie,G,65.0,"Animation, Adventure, Comedy, Drama, Family, Musical","English, Arabic",USA,6.5,Disney+ Hotstar
973,Winter Storage,movie,Approved,7.0,"Animation, Comedy, Family, Short",English,USA,7.4,Disney+ Hotstar
974,Wizards of Waverly Place,series,TV-G,22.0,"Adventure, Comedy, Drama, Family, Fantasy",English,USA,6.8,Disney+ Hotstar
975,Wizards of Waverly Place: The Movie,movie,TV-G,94.0,"Adventure, Comedy, Drama, Family, Fantasy",English,USA,6.2,Disney+ Hotstar
976,Wolverine and the X-Men,series,TV-Y7,23.0,"Animation, Action, Adventure, Drama, Sci-Fi",English,USA,8.0,Disney+ Hotstar
977,BarkFest,series,Not Rated,35.0,Not Available,English,USA,6.7,Disney+ Hotstar
978,Wreck-It Ralph,movie,PG,101.0,"Animation, Adventure, Comedy, Family, Fantasy",English,USA,7.7,Disney+ Hotstar
979,X-Men: Evolution,series,TV-Y7,23.0,"Animation, Action, Drama, Fantasy, Romance, Sci-Fi, Thriller",English,USA,7.9,Disney+ Hotstar
981,Year Million,series,Not Rated,81.0,"Documentary, Drama, Sci-Fi",English,USA,7.5,Disney+ Hotstar
982,Yellowstone Cubs,movie,Not Rated,48.0,Family,English,USA,6.9,Disney+ Hotstar
983,You Lucky Dog,movie,TV-G,89.0,"Comedy, Family, Fantasy, Mystery",English,USA,4.7,Disney+ Hotstar
984,You Wish!,movie,TV-G,84.0,"Comedy, Family, Fantasy, Drama",English,"New Zealand, USA",6.1,Disney+ Hotstar
985,Your Friend the Rat,movie,G,11.0,"Animation, Short, Comedy, Family",English,USA,7.1,Disney+ Hotstar
986,Z-O-M-B-I-E-S,movie,TV-G,94.0,"Family, Musical, Romance",English,USA,6.3,Disney+ Hotstar
987,Zapped,movie,TV-G,102.0,"Comedy, Family, Fantasy",English,"Canada, USA",5.1,Disney+ Hotstar
988,Zenon: Girl of the 21st Century,movie,TV-G,97.0,"Adventure, Comedy, Family, Sci-Fi",English,USA,6.4,Disney+ Hotstar
989,Zenon: The Zequel,movie,TV-G,100.0,"Comedy, Family, Adventure, Sci-Fi",English,"USA, New Zealand",5.9,Disney+ Hotstar
990,Zenon: Z3,movie,TV-G,81.0,"Adventure, Comedy, Family, Sci-Fi",English,USA,5.5,Disney+ Hotstar
991,Zootopia,movie,PG,108.0,"Animation, Adventure, Comedy, Crime, Family, Mystery",English,USA,8.0,Disney+ Hotstar
